Workbook
Name a: '2d_bc'!$AB$8
Name b: '2d_bc'!$AB$9
Name Connection: '2d_bc'!$AB$1
Name d: '2d_bc'!$AB$6
Name dZ: '2d_zsh'!$AH$8
Name External: '2d_bc'!$AB$2
Name f: '2d_bc'!$AB$5
Name Flags: '2d_bc'!$AB$3
Name grid_factor: '2d_zsh'!$AH$3
Name grid_size: '2d_zsh'!$AH$2
Name LengthFactor: '2d_bc'!$AB$10
Name max_width: '2d_zsh'!$AH$5
Name min_width: '2d_zsh'!$AH$6
Name MinLength: '2d_bc'!$AB$15
Name Name: '2d_bc'!$AB$4
Name PaddingFactor: '2d_zsh'!$AH$11
Name pipe_factor: '2d_zsh'!$AH$4
Name PipeEnds: '2d_zsh'!$AH$14
Name PipeSpacing: '2d_zsh'!$AH$13
Name Shape_Options: '2d_zsh'!$AH$10
Name Shape_width_or_dMax: '2d_zsh'!$AH$9
Name td: '2d_bc'!$AB$7
Name WidthFactor: '2d_bc'!$AB$11
Name Z_shift: '2d_zsh'!$AH$7

Sheet 12D-Road.rpt
A1: ----------------------------------------------------------------------------------------------------------- | K1: Paste the lines in here, do not split to columns
A2: Road centre line "north chinnamon floodway"
A3: -----------------------------------------------------------------------------------------------------------
A4: Crossing Centreline String
A5: Easting Northing Angle Chainage Height Chainage Height Slope% Name
A6: -----------------------------------------------------------------------------------------------------------
A7: 688648.485 7671741.060 0° 0' 0" 445.000 149.001 13.421 147.450 -0.38 "CULVERTS FW->channel nth"
A8: 688680.358 7671609.876 0° 0' 0" 310.000 149.000 16.194 146.802 -0.61 "CULVERTS FW->main channel sth"
A9: -----------------------------------------------------------------------------------------------------------
A11: -----------------------------------------------------------------------------------------------------------
A12: Road centre line "Chinnamon"
A13: -----------------------------------------------------------------------------------------------------------
A14: Crossing Centreline String
... A56: -----------------------------------------------------------------------------------------------------------

Sheet 12D-Culverts.rpt
A1: 12d | B1: pit | C1: 12d | D1: pit | E1: pit | F1: pit | G1: pit | H1: pit | I1: pit | J1: pit | K1: pit | L1: pipe | M1: pipe | N1: pipe | O1: pipe | P1: pipe | Q1: pipe | R1: pipe | S1: pipe | T1: pipe | U1: pipe | V1: pipe | W1: pipe | X1: pipe | Y1: pipe | Z1: pit | AA1: pit | AB1: pit | AC1: pit | AD1: pit | AE1: pit | AF1: pit | AG1: pit | AH1: pit | AI1: pipe | AJ1: pipe | AK1: pipe | AL1: pipe | AM1: pipe
A2: *string id | B2: *pit id | C2: string name | D2: pit name | E2: pit type | F2: pit diameter | G2: pit centre x | H2: pit centre y | I2: cover elev | J2: fs tin | K2: ns tin | L2: pipe type | M2: invert us | N2: invert ds | O2: diameter | P2: width | Q2: number of pipes | R2: separation | S2: calculated pipe length | T2: calculated pipe grade | U2: pipe size | V2: nominal diameter | W2: nominal pipe size | X2: box or pipe size | Y2: *direction | Z2: remarks | AA2: grate level | AB2: cover rl | AC2: setout z | AD2: top rl | AE2: cover rl mode | AF2: grate rl mode | AG2: pit road chainage | AH2: pit road name | AI2: conduit shape | AJ2: pipe colour | AK2: pipe type description | AL2: pipe type remarks | AM2: custom label name
A3: uid | B3: integer | C3: text | D3: text | E3: text | F3: real | G3: real | H3: real | I3: real | J3: text | K3: text | L3: text | M3: real | N3: real | O3: real | P3: real | Q3: integer | R3: real | S3: real | T3: real | U3: text | V3: real | W3: text | X3: text | Y3: integer | Z3: n/a | AA3: real | AB3: real | AC3: real | AD3: real | AE3: integer | AF3: integer | AG3: real | AH3: text | AI3: text | AJ3: integer | AK3: text | AL3: n/a | AM3: n/a
A4: 1256451 | B4: 12 | C4: channel nth | D4: inlet | E4: CULVERT INLET | F4: 0.6 | G4: 688661.53 | H4: 7671744.2 | I4: 148.1 | J4: MTF ROAD FW Turner river | K4: TIN ESL | L4: BC | M4: 147.5 | N4: 147.4 | O4: 0.6 | P4: 1.2 | Q4: 2 | R4: 0 | S4: 26.78095 | T4: 0.3734 | U4: (2x)1200x600 | V4: 0.6 | W4: (2x)1200x600 | X4: 1.2W x 0.6H | Y4: 1 | AA4: 148.1 | AB4: 148.1 | AC4: 148.1 | AD4: 148.1 | AE4: 0 | AF4: 7 | AG4: -9.9e+29 | AI4: Rectangular | AJ4: -1 | AK4: ROCLA QLD RCBC
A5: 1256451 | B5: 13 | C5: channel nth | D5: outlet | E5: CULVERT OUTLET | F5: 0 | G5: 688635.5 | H5: 7671737.9 | I5: 148 | J5: MTF ROAD FW Turner river | K5: TIN ESL | AA5: 148 | AB5: 148 | AC5: 148 | AD5: 148 | AE5: 0 | AF5: 7 | AG5: -9.9e+29

Sheet 1d_nwk-import
A1: wkt_geom | B1: fid | C1: ID | D1: Type | E1: Ignore | F1: UCS | G1: Len_or_ANA | H1: n_nF_Cd | I1: US_Invert | J1: DS_Invert | K1: Form_Loss | L1: pBlockage | M1: Inlet_Type | N1: Conn_1D_2D | O1: Conn_No | P1: Width_or_D | Q1: Height_or_ | R1: Number_of | S1: HConF_or_W | T1: WConF_or_W | U1: EntryC_or_ | V1: ExitC_or_W
A2: MultiLineString ((687316.367809071787633 7565096.3571438966318965, 687240.47098323528189212 7565130.91730566136538982)) | B2: 42 | C2: R-1 | D2: C | E2: F | F2: T | G2: 83.395042 | H2: 0.024 | I2: 398.32245 | J2: 395.86798 | K2: 0 | L2: 0 | O2: 0 | P2: 1.5 | Q2: 0 | R2: 5 | S2: 0 | T2: 1 | U2: 0.5 | V2: 1
A3: MultiLineString ((687647.90818443091120571 7566198.13171269930899143, 687639.36691419442649931 7566249.71658932324498892)) | B3: 43 | C3: R-2 | D3: C | E3: F | F3: T | G3: 52.287214 | H3: 0.024 | I3: 381.20261 | J3: 379.03842 | K3: 0 | L3: 0 | O3: 0 | P3: 1.5 | Q3: 0 | R3: 1 | S3: 0 | T3: 1 | U3: 0.5 | V3: 1
A4: MultiLineString ((687971.95803359965793788 7566446.15060707088559866, 687955.61175127199385315 7566504.66286767460405827)) | B4: 44 | C4: R-3 | D4: C | E4: F | F4: T | G4: 60.752659 | H4: 0.024 | I4: 375.83661 | J4: 379.22119 | K4: 0 | L4: 0 | O4: 0 | P4: 1.5 | Q4: 0 | R4: 2 | S4: 0 | T4: 1 | U4: 0.5 | V4: 1
A5: MultiLineString ((688863.53434349712915719 7566883.80460810009390116, 688881.62753190065268427 7566950.32748960889875889)) | B5: 45 | C5: R-4 | D5: C | E5: F | F5: T | G5: 68.939519 | H5: 0.024 | I5: 364.837 | J5: 364.75 | K5: 0 | L5: 0 | O5: 0 | P5: 1.5 | Q5: 0 | R5: 1 | S5: 0 | T5: 1 | U5: 0.5 | V5: 1
A6: MultiLineString ((689064.92991105315741152 7566962.08014303725212812, 689051.27705024543683976 7567000.71681035682559013)) | B6: 46 | C6: R-5 | D6: C | E6: F | F6: T | G6: 40.977953 | H6: 0.024 | I6: 363.65561 | J6: 363.08899 | K6: 0 | L6: 0 | O6: 0 | P6: 1.5 | Q6: 0 | R6: 1 | S6: 0 | T6: 1 | U6: 0.5 | V6: 1
A7: MultiLineString ((689871.65609456459060311 7567415.68947762716561556, 689840.85410076985135674 7567442.52291673887521029)) | B7: 47 | C7: R-6 | D7: C | E7: F | F7: T | G7: 40.850903 | H7: 0.024 | I7: 353.18802 | J7: 352.41443 | K7: 0 | L7: 0 | O7: 0 | P7: 1.5 | Q7: 0 | R7: 14 | S7: 0 | T7: 1 | U7: 0.5 | V7: 1
A8: MultiLineString ((690763.55012406688183546 7568491.29343010578304529, 690743.11727115733083338 7568514.69833434745669365)) | B8: 48 | C8: R-7 | D8: C | E8: F | F8: T | G8: 31.069133 | H8: 0.024 | I8: 352.16901 | J8: 351.819 | K8: 0 | L8: 0 | O8: 0 | P8: 1.2 | Q8: 0 | R8: 2 | S8: 0 | T8: 1 | U8: 0.5 | V8: 1
A9: MultiLineString ((691279.20103022071998566 7569106.97243891004472971, 691252.82407464657444507 7569121.83269557077437639)) | B9: 49 | C9: R-8 | D9: C | E9: F | F9: T | G9: 30.274924 | H9: 0.024 | I9: 352.68204 | J9: 352.22879 | K9: 0 | L9: 0 | O9: 0 | P9: 1.5 | Q9: 0 | R9: 9 | S9: 0 | T9: 1 | U9: 0.5 | V9: 1
A10: MultiLineString ((691507.72391469345893711 7569388.57430264540016651, 691479.22176939097698778 7569401.46008582692593336)) | B10: 50 | C10: R-9 | D10: C | E10: F | F10: T | G10: 31.279637 | H10: 0.024 | I10: 354.05548 | J10: 353.73798 | K10: 0 | L10: 0 | O10: 0 | P10: 0.9 | Q10: 0 | R10: 3 | S10: 0 | T10: 1 | U10: 0.5 | V10: 1
A11: MultiLineString ((691801.30686036229599267 7569982.24155627377331257, 691774.55839837156236172 7569997.47331935167312622)) | B11: 51 | C11: R-10 | D11: C | E11: F | F11: T | G11: 30.781274 | H11: 0.024 | I11: 349.98645 | J11: 349.86862 | K11: 0 | L11: 0 | O11: 0 | P11: 1.2 | Q11: 0 | R11: 2 | S11: 0 | T11: 1 | U11: 0.5 | V11: 1
A12: MultiLineString ((691909.32235097035299987 7570320.73034003842622042, 691880.06622066791169345 7570339.67716728243976831)) | B12: 52 | C12: R-11 | D12: C | E12: F | F12: T | G12: 34.855465 | H12: 0.024 | I12: 348.3009 | J12: 348.02838 | K12: 0 | L12: 0 | O12: 0 | P12: 1.5 | Q12: 0 | R12: 3 | S12: 0 | T12: 1 | U12: 0.5 | V12: 1
A13: MultiLineString ((692036.69809301919303834 7570740.82406918331980705, 692012.72198079596273601 7570764.29275045823305845)) | B13: 53 | C13: R-12 | D13: C | E13: F | F13: T | G13: 33.550454 | H13: 0.024 | I13: 351.80154 | J13: 351.21353 | K13: 0 | L13: 0 | O13: 0 | P13: 0.9 | Q13: 0 | R13: 2 | S13: 0 | T13: 1 | U13: 0.5 | V13: 1
... A31: MultiLineString ((692189.49452477414160967 7571443.62287487834692001, 692159.25583927519619465 7571463.08685634937137365)) | B31: 78 | C31: R-14b | D31: C | E31: F | F31: T | G31: 35.961433 | H31: 0.024 | I31: 346.563 | J31: 345.325 | K31: 0 | L31: 0 | O31: 0 | P31: 0.9 | Q31: 0 | R31: 1 | S31: 0 | T31: 1 | U31: 0.5 | V31: 1

Sheet PointsTidy -from 1dnwk
B1: ID | C1: {=IF(COUNTA(_xlfn.UNIQUE(_xlfn.ANCHORARRAY(B4)&_xlfn.ANCHORARRAY(C4)))<COUNTA(_xlfn.ANCHORARRAY(C4)),"DUPLICATES","")} -> DUPLICATES
B2: string name | C2: pit name | E2: US_Invert | F2: DS_invert | G2: Number_of | H2: wkt_geom | J2: Width_or_D | K2: Height_or_ | L2: pit centre x | M2: pit centre y | T2: Type | U2: n_nF_Cd
A3: GroupID | B3: ID | C3: ends | D3: vertex_ind | E3: US_Invert | F3: DS_invert | G3: Number_of | H3: wkt_geom | I3: blank | J3: Width_or_D | K3: Height_or_ | L3: xcoord | M3: ycoord | N3: zcoord | O3: MeasureLength | P3: AdjustedLength | Q3: dx | R3: dy | S3: dz | T3: Type | U3: n_nF_Cd | V3: Skew | X3: Ctype | Z3: =COUNTA('1d_nwk-import'!A:A) -> 31 | AA3: Expected bottom excel row number
A4: {=INT((ROW(_xlfn.ANCHORARRAY(B4))-2)/2)} -> 1 | B4: {=_xlfn._xlws.SORT(_xlfn.VSTACK(_xlfn._xlws.FILTER(INDIRECT($AB$5), INDIRECT($AB$5)<>""), _xlfn._xlws.FILTER(INDIRECT($AB$5), INDIRECT($AB$5)<>"")))} -> R-1 | C4: {=_xlfn.ANCHORARRAY(B4)} -> R-1 | D4: {=NOT(MOD(ROW(_xlfn.ANCHORARRAY(B4)),2))*1} -> 1 | E4: {=INDEX('1d_nwk-import'!$A$1:$ZZ$50000,MATCH(_xlfn.ANCHORARRAY($B4),INDIRECT($AC$5),0),INDEX($AA:$AA,MATCH(E$2,$Z:$Z,0)))} -> 398.32245 | F4: {=INDEX('1d_nwk-import'!$A$1:$ZZ$50000,MATCH(_xlfn.ANCHORARRAY($B4),INDIRECT($AC$5),0),INDEX($AA:$AA,MATCH(F$2,$Z:$Z,0)))} -> 395.86798 | G4: {=IFERROR(INDEX('1d_nwk-import'!$A$1:$ZZ$50000,MATCH(_xlfn.ANCHORARRAY($B4),INDIRECT($AC$5),0),INDEX($AA:$AA,MATCH(G$2,$Z:$Z,0))),1)} -> 5 | H4: {=(INDEX('1d_nwk-import'!$A$1:$ZZ$50000,MATCH(_xlfn.ANCHORARRAY($B4),INDIRECT($AC$5),0),INDEX($AA:$AA,MATCH(H$2,$Z:$Z,0))))} -> MultiLineString ((687316.367809071787633 7565096.3571438966318965, 687240.47098323528189212 7565130.91730566136538982)) | I4: {=_xlfn.ANCHORARRAY(J4)} -> 1.5 | J4: {=INDEX('1d_nwk-import'!$A$1:$ZZ$50000,MATCH(_xlfn.ANCHORARRAY($B4),INDIRECT($AC$5),0),INDEX($AA:$AA,MATCH(J$2,$Z:$Z,0)))} -> 1.5 | K4: {=INDEX('1d_nwk-import'!$A$1:$ZZ$50000,MATCH(_xlfn.ANCHORARRAY($B4),INDIRECT($AC$5),0),INDEX($AA:$AA,MATCH(K$2,$Z:$Z,0)))} -> 0 | L4: {=_xlfn.BYROW(_xlfn.ANCHORARRAY(H4), _xlfn.LAMBDA(_xlpm.h, _xlfn.LET( _xlpm.cleanString, SUBSTITUTE(SUBSTITUTE(_xlpm.h, "MultiLineString ((", ""), "))", ""), _xlpm.xmlString, "<t><s>" & SUBSTITUTE(SUBSTITUTE(_xlpm.cleanString, ", ", "</s><s>"), " ", "</s><s>") & "</s></t>", _xlpm.numbers, _xlfn.FILTERXML(_xlpm.xmlString, "//s"), _xlpm.criteria, INDEX(_xlfn.ANCHORARRAY(D4), ROW(_xlpm.h) - ROW(H4) + 1), IF(_xlpm.criteria = 0, INDEX(_xlpm.numbers, 1), INDEX(_xlpm.numbers, 3)) ) ))} -> 687240.47 | M4: {=_xlfn.BYROW(_xlfn.ANCHORARRAY(H4), _xlfn.LAMBDA(_xlpm.h, _xlfn.LET( _xlpm.cleanString, SUBSTITUTE(SUBSTITUTE(_xlpm.h, "MultiLineString ((", ""), "))", ""), _xlpm.xmlString, "<t><s>" & SUBSTITUTE(SUBSTITUTE(_xlpm.cleanString, ", ", "</s><s>"), " ", "</s><s>") & "</s></t>", _xlpm.numbers, _xlfn.FILTERXML(_xlpm.xmlString, "//s"), _xlpm.criteria, INDEX(_xlfn.ANCHORARRAY(D4), ROW(_xlpm.h) - ROW(H4) + 1), IF(_xlpm.criteria = 0, INDEX(_xlpm.numbers, 2), INDEX(_xlpm.numbers, 4)) ) ))} -> 7565130.9 | N4: {=IF(_xlfn.ANCHORARRAY(D4),_xlfn.ANCHORARRAY(E4),_xlfn.ANCHORARRAY(F4))} -> 398.32245 | O4: {=SQRT(_xlfn.ANCHORARRAY(Q4)^2+_xlfn.ANCHORARRAY(R4)^2)} -> 83.395042 | P4: {=_xlfn.ANCHORARRAY(O4)} -> 83.395042 | Q4: {=SUMIFS(L:L,$B:$B,_xlfn.ANCHORARRAY($B4),$D:$D,0)-SUMIFS(L:L,$B:$B,_xlfn.ANCHORARRAY($B4),$D:$D,1)} -> 75.896826 | R4: {=SUMIFS(M:M,$B:$B,_xlfn.ANCHORARRAY($B4),$D:$D,0)-SUMIFS(M:M,$B:$B,_xlfn.ANCHORARRAY($B4),$D:$D,1)} -> -34.560162 | S4: {=_xlfn.ANCHORARRAY(F4)-_xlfn.ANCHORARRAY(E4)} -> -2.4544678 | T4: {=INDEX('1d_nwk-import'!$A$1:$ZZ$50000,MATCH(_xlfn.ANCHORARRAY($B4),INDIRECT($AC$5),0),INDEX($AA:$AA,MATCH(T$2,$Z:$Z,0)))} -> C | U4: {=INDEX('1d_nwk-import'!$A$1:$ZZ$50000,MATCH(_xlfn.ANCHORARRAY($B4),INDIRECT($AC$5),0),INDEX($AA:$AA,MATCH(U$2,$Z:$Z,0)))} -> 0.024 | V4: {=IF(ISBLANK(_xlfn.ANCHORARRAY(B4)),0,90)} -> 90 | X4: {=_xlfn.ANCHORARRAY(T4)} -> C | AB4: 1d_nwk-import | AC4: {=MID(CELL("filename",'1d_nwk-import'!A1),FIND("]",CELL("filename",'1d_nwk-import'!A1))+1,255)} -> 1d_nwk-import
A5: 1 | B5: R-1 | C5: R-1 | D5: 0 | E5: 398.32245 | F5: 395.86798 | G5: 5 | H5: MultiLineString ((687316.367809071787633 7565096.3571438966318965, 687240.47098323528189212 7565130.91730566136538982)) | I5: 1.5 | J5: 1.5 | K5: 0 | L5: 687316.37 | M5: 7565096.4 | N5: 395.86798 | O5: 83.395042 | P5: 83.395042 | Q5: 75.896826 | R5: -34.560162 | S5: -2.4544678 | T5: C | U5: 0.024 | V5: 90 | X5: C | Z5: ID | AA5: =MATCH(Z5,'1d_nwk-import'!$1:$1,0) -> 3 | AB5: =_xlfn.CONCAT(ADDRESS(2,AA5,1,1,AB$4),":",ADDRESS($Z$3,AA5,1,1)) -> '1d_nwk-import'!$C$2:$C$31 | AC5: =_xlfn.CONCAT("'",AC$4,"'!",SUBSTITUTE(ADDRESS(1,AA5,4),"1",""),":",SUBSTITUTE(ADDRESS(1,AA5,4),"1","")) -> '1d_nwk-import'!C:C
A6: 2 | B6: R-10 | C6: R-10 | D6: 1 | E6: 349.98645 | F6: 349.86862 | G6: 2 | H6: MultiLineString ((691801.30686036229599267 7569982.24155627377331257, 691774.55839837156236172 7569997.47331935167312622)) | I6: 1.2 | J6: 1.2 | K6: 0 | L6: 691774.56 | M6: 7569997.5 | N6: 349.98645 | O6: 30.781274 | P6: 30.781274 | Q6: 26.748462 | R6: -15.231763 | S6: -0.11782837 | T6: C | U6: 0.024 | V6: 90 | X6: C | Z6: ID | AA6: =MATCH(Z6,'1d_nwk-import'!$1:$1,0) -> 3 | AB6: =_xlfn.CONCAT(ADDRESS(2,AA6,1,1,AB$4),":",ADDRESS($Z$3,AA6,1,1)) -> '1d_nwk-import'!$C$2:$C$31 | AC6: =_xlfn.CONCAT("'",AC$4,"'!",SUBSTITUTE(ADDRESS(1,AA6,4),"1",""),":",SUBSTITUTE(ADDRESS(1,AA6,4),"1","")) -> '1d_nwk-import'!C:C
A7: 2 | B7: R-10 | C7: R-10 | D7: 0 | E7: 349.98645 | F7: 349.86862 | G7: 2 | H7: MultiLineString ((691801.30686036229599267 7569982.24155627377331257, 691774.55839837156236172 7569997.47331935167312622)) | I7: 1.2 | J7: 1.2 | K7: 0 | L7: 691801.31 | M7: 7569982.2 | N7: 349.86862 | O7: 30.781274 | P7: 30.781274 | Q7: 26.748462 | R7: -15.231763 | S7: -0.11782837 | T7: C | U7: 0.024 | V7: 90 | X7: C | Z7: US_Invert | AA7: =MATCH(Z7,'1d_nwk-import'!$1:$1,0) -> 9 | AC7: =_xlfn.CONCAT("'",AC$4,"'!",SUBSTITUTE(ADDRESS(1,AA7,4),"1",""),":",SUBSTITUTE(ADDRESS(1,AA7,4),"1","")) -> '1d_nwk-import'!I:I
A8: 3 | B8: R-10b | C8: R-10b | D8: 1 | E8: 351.56097 | F8: 351.14426 | G8: 2 | H8: MultiLineString ((691742.79459975729696453 7569821.37927791196852922, 691717.62504003697540611 7569824.07269943132996559)) | I8: 1.2 | J8: 1.2 | K8: 0 | L8: 691717.63 | M8: 7569824.1 | N8: 351.56097 | O8: 25.313262 | P8: 25.313262 | Q8: 25.16956 | R8: -2.6934215 | S8: -0.41671753 | T8: C | U8: 0.024 | V8: 90 | X8: C | Z8: DS_Invert | AA8: =MATCH(Z8,'1d_nwk-import'!$1:$1,0) -> 10 | AC8: =_xlfn.CONCAT("'",AC$4,"'!",SUBSTITUTE(ADDRESS(1,AA8,4),"1",""),":",SUBSTITUTE(ADDRESS(1,AA8,4),"1","")) -> '1d_nwk-import'!J:J
A9: 3 | B9: R-10b | C9: R-10b | D9: 0 | E9: 351.56097 | F9: 351.14426 | G9: 2 | H9: MultiLineString ((691742.79459975729696453 7569821.37927791196852922, 691717.62504003697540611 7569824.07269943132996559)) | I9: 1.2 | J9: 1.2 | K9: 0 | L9: 691742.79 | M9: 7569821.4 | N9: 351.14426 | O9: 25.313262 | P9: 25.313262 | Q9: 25.16956 | R9: -2.6934215 | S9: -0.41671753 | T9: C | U9: 0.024 | V9: 90 | X9: C | Z9: Number_of | AA9: =MATCH(Z9,'1d_nwk-import'!$1:$1,0) -> 18 | AC9: =_xlfn.CONCAT("'",AC$4,"'!",SUBSTITUTE(ADDRESS(1,AA9,4),"1",""),":",SUBSTITUTE(ADDRESS(1,AA9,4),"1","")) -> '1d_nwk-import'!R:R
A10: 4 | B10: R-10c | C10: R-10c | D10: 1 | E10: 353.09366 | F10: 352.65433 | G10: 1 | H10: MultiLineString ((691654.5618258296744898 7569630.88936283066868782, 691636.54376462753862143 7569647.32852176204323769)) | I10: 0.9 | J10: 0.9 | K10: 0 | L10: 691636.54 | M10: 7569647.3 | N10: 353.09366 | O10: 24.3905 | P10: 24.3905 | Q10: 18.018061 | R10: -16.439159 | S10: -0.43933105 | T10: C | U10: 0.024 | V10: 90 | X10: C | Z10: Width_or_D | AA10: =MATCH(Z10,'1d_nwk-import'!$1:$1,0) -> 16 | AC10: =_xlfn.CONCAT("'",AC$4,"'!",SUBSTITUTE(ADDRESS(1,AA10,4),"1",""),":",SUBSTITUTE(ADDRESS(1,AA10,4),"1","")) -> '1d_nwk-import'!P:P
A11: 4 | B11: R-10c | C11: R-10c | D11: 0 | E11: 353.09366 | F11: 352.65433 | G11: 1 | H11: MultiLineString ((691654.5618258296744898 7569630.88936283066868782, 691636.54376462753862143 7569647.32852176204323769)) | I11: 0.9 | J11: 0.9 | K11: 0 | L11: 691654.56 | M11: 7569630.9 | N11: 352.65433 | O11: 24.3905 | P11: 24.3905 | Q11: 18.018061 | R11: -16.439159 | S11: -0.43933105 | T11: C | U11: 0.024 | V11: 90 | X11: C | Z11: width | AA11: =MATCH(Z11,'1d_nwk-import'!$1:$1,0) -> #N/A | AC11: =_xlfn.CONCAT("'",AC$4,"'!",SUBSTITUTE(ADDRESS(1,AA11,4),"1",""),":",SUBSTITUTE(ADDRESS(1,AA11,4),"1","")) -> #N/A
A12: 5 | B12: R-11 | C12: R-11 | D12: 1 | E12: 348.3009 | F12: 348.02838 | G12: 3 | H12: MultiLineString ((691909.32235097035299987 7570320.73034003842622042, 691880.06622066791169345 7570339.67716728243976831)) | I12: 1.5 | J12: 1.5 | K12: 0 | L12: 691880.07 | M12: 7570339.7 | N12: 348.3009 | O12: 34.855465 | P12: 34.855465 | Q12: 29.25613 | R12: -18.946827 | S12: -0.27252197 | T12: C | U12: 0.024 | V12: 90 | X12: C | Z12: pit centre x | AA12: =MATCH(Z12,'1d_nwk-import'!$1:$1,0) -> #N/A | AB12: =_xlfn.CONCAT(ADDRESS(4,AA12,1,1,AB$4),":",ADDRESS($Z$3,AA12,1,1)) -> #N/A | AC12: =_xlfn.CONCAT("'",AC$4,"'!",SUBSTITUTE(ADDRESS(1,AA12,4),"1",""),":",SUBSTITUTE(ADDRESS(1,AA12,4),"1","")) -> #N/A
A13: 5 | B13: R-11 | C13: R-11 | D13: 0 | E13: 348.3009 | F13: 348.02838 | G13: 3 | H13: MultiLineString ((691909.32235097035299987 7570320.73034003842622042, 691880.06622066791169345 7570339.67716728243976831)) | I13: 1.5 | J13: 1.5 | K13: 0 | L13: 691909.32 | M13: 7570320.7 | N13: 348.02838 | O13: 34.855465 | P13: 34.855465 | Q13: 29.25613 | R13: -18.946827 | S13: -0.27252197 | T13: C | U13: 0.024 | V13: 90 | X13: C | Z13: pit centre y | AA13: =MATCH(Z13,'1d_nwk-import'!$1:$1,0) -> #N/A | AB13: =_xlfn.CONCAT(ADDRESS(4,AA13,1,1,AB$4),":",ADDRESS($Z$3,AA13,1,1)) -> #N/A | AC13: =_xlfn.CONCAT("'",AC$4,"'!",SUBSTITUTE(ADDRESS(1,AA13,4),"1",""),":",SUBSTITUTE(ADDRESS(1,AA13,4),"1","")) -> #N/A
A14: 6 | B14: R-12 | C14: R-12 | D14: 1 | E14: 351.80154 | F14: 351.21353 | G14: 2 | H14: MultiLineString ((692036.69809301919303834 7570740.82406918331980705, 692012.72198079596273601 7570764.29275045823305845)) | I14: 0.9 | J14: 0.9 | K14: 0 | L14: 692012.72 | M14: 7570764.3 | N14: 351.80154 | O14: 33.550454 | P14: 33.550454 | Q14: 23.976112 | R14: -23.468681 | S14: -0.5880127 | T14: C | U14: 0.024 | V14: 90 | X14: C | Z14: Type | AA14: =MATCH(Z14,'1d_nwk-import'!$1:$1,0) -> 4 | AC14: =_xlfn.CONCAT("'",AC$4,"'!",SUBSTITUTE(ADDRESS(1,AA14,4),"1",""),":",SUBSTITUTE(ADDRESS(1,AA14,4),"1","")) -> '1d_nwk-import'!D:D
A15: 6 | B15: R-12 | C15: R-12 | D15: 0 | E15: 351.80154 | F15: 351.21353 | G15: 2 | H15: MultiLineString ((692036.69809301919303834 7570740.82406918331980705, 692012.72198079596273601 7570764.29275045823305845)) | I15: 0.9 | J15: 0.9 | K15: 0 | L15: 692036.7 | M15: 7570740.8 | N15: 351.21353 | O15: 33.550454 | P15: 33.550454 | Q15: 23.976112 | R15: -23.468681 | S15: -0.5880127 | T15: C | U15: 0.024 | V15: 90 | X15: C | Z15: Height_or_ | AA15: =MATCH(Z15,'1d_nwk-import'!$1:$1,0) -> 17 | AC15: =_xlfn.CONCAT("'",AC$4,"'!",SUBSTITUTE(ADDRESS(1,AA15,4),"1",""),":",SUBSTITUTE(ADDRESS(1,AA15,4),"1","")) -> '1d_nwk-import'!Q:Q
A16: 7 | B16: R-13 | C16: R-13 | D16: 1 | E16: 344.2049 | F16: 343.79401 | G16: 4 | H16: MultiLineString ((692161.01794817426707596 7571146.96061041299253702, 692109.38757610891479999 7571160.85003517102450132)) | I16: 1.5 | J16: 1.5 | K16: 0 | L16: 692109.39 | M16: 7571160.9 | N16: 344.2049 | O16: 53.465984 | P16: 53.465984 | Q16: 51.630372 | R16: -13.889425 | S16: -0.41088867 | T16: C | U16: 0.024 | V16: 90 | X16: C | Z16: n_nF_Cd | AA16: =MATCH(Z16,'1d_nwk-import'!$1:$1,0) -> 8 | AC16: =_xlfn.CONCAT("'",AC$4,"'!",SUBSTITUTE(ADDRESS(1,AA16,4),"1",""),":",SUBSTITUTE(ADDRESS(1,AA16,4),"1","")) -> '1d_nwk-import'!H:H
A17: 7 | B17: R-13 | C17: R-13 | D17: 0 | E17: 344.2049 | F17: 343.79401 | G17: 4 | H17: MultiLineString ((692161.01794817426707596 7571146.96061041299253702, 692109.38757610891479999 7571160.85003517102450132)) | I17: 1.5 | J17: 1.5 | K17: 0 | L17: 692161.02 | M17: 7571147 | N17: 343.79401 | O17: 53.465984 | P17: 53.465984 | Q17: 51.630372 | R17: -13.889425 | S17: -0.41088867 | T17: C | U17: 0.024 | V17: 90 | X17: C | Z17: wkt_geom | AA17: =MATCH(Z17,'1d_nwk-import'!$1:$1,0) -> 1 | AC17: =_xlfn.CONCAT("'",AC$4,"'!",SUBSTITUTE(ADDRESS(1,AA17,4),"1",""),":",SUBSTITUTE(ADDRESS(1,AA17,4),"1","")) -> '1d_nwk-import'!A:A
A18: 8 | B18: R-14 | C18: R-14 | D18: 1 | E18: 342.7135 | F18: 342.29199 | G18: 4 | H18: MultiLineString ((692208.38501628290396184 7571615.61595487501472235, 692159.34616929991170764 7571613.57266958430409431)) | I18: 1.5 | J18: 1.5 | K18: 0 | L18: 692159.35 | M18: 7571613.6 | N18: 342.7135 | O18: 49.081397 | P18: 49.081397 | Q18: 49.038847 | R18: 2.0432853 | S18: -0.42150879 | T18: C | U18: 0.024 | V18: 90 | X18: C
A19: 8 | B19: R-14 | C19: R-14 | D19: 0 | E19: 342.7135 | F19: 342.29199 | G19: 4 | H19: MultiLineString ((692208.38501628290396184 7571615.61595487501472235, 692159.34616929991170764 7571613.57266958430409431)) | I19: 1.5 | J19: 1.5 | K19: 0 | L19: 692208.39 | M19: 7571615.6 | N19: 342.29199 | O19: 49.081397 | P19: 49.081397 | Q19: 49.038847 | R19: 2.0432853 | S19: -0.42150879 | T19: C | U19: 0.024 | V19: 90 | X19: C
A20: 9 | B20: R-14b | C20: R-14b | D20: 1 | E20: 346.563 | F20: 345.325 | G20: 1 | H20: MultiLineString ((692189.49452477414160967 7571443.62287487834692001, 692159.25583927519619465 7571463.08685634937137365)) | I20: 0.9 | J20: 0.9 | K20: 0 | L20: 692159.26 | M20: 7571463.1 | N20: 346.563 | O20: 35.961433 | P20: 35.961433 | Q20: 30.238685 | R20: -19.463981 | S20: -1.238 | T20: C | U20: 0.024 | V20: 90 | X20: C | Z20: expected | AA20: =COUNTA(_xlfn.ANCHORARRAY(B4))/2 -> 30
A21: 9 | B21: R-14b | C21: R-14b | D21: 0 | E21: 346.563 | F21: 345.325 | G21: 1 | H21: MultiLineString ((692189.49452477414160967 7571443.62287487834692001, 692159.25583927519619465 7571463.08685634937137365)) | I21: 0.9 | J21: 0.9 | K21: 0 | L21: 692189.49 | M21: 7571443.6 | N21: 345.325 | O21: 35.961433 | P21: 35.961433 | Q21: 30.238685 | R21: -19.463981 | S21: -1.238 | T21: C | U21: 0.024 | V21: 90 | X21: C
A22: 10 | B22: R-15 | C22: R-15 | D22: 1 | E22: 344.97507 | F22: 344.4899 | G22: 2 | H22: MultiLineString ((692207.45625024160835892 7571762.91824903339147568, 692168.81958292168565094 7571777.40699927881360054)) | I22: 1.5 | J22: 1.5 | K22: 0 | L22: 692168.82 | M22: 7571777.4 | N22: 344.97507 | O22: 41.263979 | P22: 41.263979 | Q22: 38.636667 | R22: -14.48875 | S22: -0.48516846 | T22: C | U22: 0.024 | V22: 90 | X22: C
A23: 10 | B23: R-15 | C23: R-15 | D23: 0 | E23: 344.97507 | F23: 344.4899 | G23: 2 | H23: MultiLineString ((692207.45625024160835892 7571762.91824903339147568, 692168.81958292168565094 7571777.40699927881360054)) | I23: 1.5 | J23: 1.5 | K23: 0 | L23: 692207.46 | M23: 7571762.9 | N23: 344.4899 | O23: 41.263979 | P23: 41.263979 | Q23: 38.636667 | R23: -14.48875 | S23: -0.48516846 | T23: C | U23: 0.024 | V23: 90 | X23: C
A24: 11 | B24: R-16 | C24: R-16 | D24: 1 | E24: 347.94794 | F24: 347.10492 | G24: 1 | H24: MultiLineString ((692226.58883069327566773 7572259.15794492140412331, 692181.91518410469871014 7572253.02808904834091663)) | I24: 1.2 | J24: 1.2 | K24: 0 | L24: 692181.92 | M24: 7572253 | N24: 347.94794 | O24: 45.092237 | P24: 45.092237 | Q24: 44.673647 | R24: 6.1298559 | S24: -0.84301758 | T24: C | U24: 0.024 | V24: 90 | X24: C
A25: 11 | B25: R-16 | C25: R-16 | D25: 0 | E25: 347.94794 | F25: 347.10492 | G25: 1 | H25: MultiLineString ((692226.58883069327566773 7572259.15794492140412331, 692181.91518410469871014 7572253.02808904834091663)) | I25: 1.2 | J25: 1.2 | K25: 0 | L25: 692226.59 | M25: 7572259.2 | N25: 347.10492 | O25: 45.092237 | P25: 45.092237 | Q25: 44.673647 | R25: 6.1298559 | S25: -0.84301758 | T25: C | U25: 0.024 | V25: 90 | X25: C
A26: 12 | B26: R-17 | C26: R-17 | D26: 1 | E26: 337.30045 | F26: 337.15353 | G26: 2 | H26: MultiLineString ((692464.0743074647616595 7573334.20463777799159288, 692436.02557301614433527 7573348.69338802248239517)) | I26: 1.5 | J26: 1.5 | K26: 0 | L26: 692436.03 | M26: 7573348.7 | N26: 337.30045 | O26: 31.569849 | P26: 31.569849 | Q26: 28.048734 | R26: -14.48875 | S26: -0.14691162 | T26: C | U26: 0.024 | V26: 90 | X26: C
A27: 12 | B27: R-17 | C27: R-17 | D27: 0 | E27: 337.30045 | F27: 337.15353 | G27: 2 | H27: MultiLineString ((692464.0743074647616595 7573334.20463777799159288, 692436.02557301614433527 7573348.69338802248239517)) | I27: 1.5 | J27: 1.5 | K27: 0 | L27: 692464.07 | M27: 7573334.2 | N27: 337.15353 | O27: 31.569849 | P27: 31.569849 | Q27: 28.048734 | R27: -14.48875 | S27: -0.14691162 | T27: C | U27: 0.024 | V27: 90 | X27: C
A28: 13 | B28: R-17b | C28: R-17b | D28: 1 | E28: 337.62054 | F28: 336.73544 | G28: 1 | H28: MultiLineString ((692507.26192838733550161 7573519.77209283597767353, 692464.7244436937617138 7573513.27073054667562246)) | I28: 0.9 | J28: 0.9 | K28: 0 | L28: 692464.72 | M28: 7573513.3 | N28: 337.62054 | O28: 43.031446 | P28: 43.031446 | Q28: 42.537485 | R28: 6.5013623 | S28: -0.88510132 | T28: C | U28: 0.024 | V28: 90 | X28: C
A29: 13 | B29: R-17b | C29: R-17b | D29: 0 | E29: 337.62054 | F29: 336.73544 | G29: 1 | H29: MultiLineString ((692507.26192838733550161 7573519.77209283597767353, 692464.7244436937617138 7573513.27073054667562246)) | I29: 0.9 | J29: 0.9 | K29: 0 | L29: 692507.26 | M29: 7573519.8 | N29: 336.73544 | O29: 43.031446 | P29: 43.031446 | Q29: 42.537485 | R29: 6.5013623 | S29: -0.88510132 | T29: C | U29: 0.024 | V29: 90 | X29: C
A30: 14 | B30: R-18 | C30: R-18 | D30: 1 | E30: 326.11298 | F30: 326.04398 | G30: 5 | H30: MultiLineString ((693238.80200534139294177 7574681.5327999098226428, 693222.05678410606924444 7574705.88948534335941076)) | I30: 1.2 | J30: 1.2 | K30: 0 | L30: 693222.06 | M30: 7574705.9 | N30: 326.11298 | O30: 29.55758 | P30: 29.55758 | Q30: 16.745221 | R30: -24.356685 | S30: -0.069000244 | T30: C | U30: 0.024 | V30: 90 | X30: C
A31: 14 | B31: R-18 | C31: R-18 | D31: 0 | E31: 326.11298 | F31: 326.04398 | G31: 5 | H31: MultiLineString ((693238.80200534139294177 7574681.5327999098226428, 693222.05678410606924444 7574705.88948534335941076)) | I31: 1.2 | J31: 1.2 | K31: 0 | L31: 693238.8 | M31: 7574681.5 | N31: 326.04398 | O31: 29.55758 | P31: 29.55758 | Q31: 16.745221 | R31: -24.356685 | S31: -0.069000244 | T31: C | U31: 0.024 | V31: 90 | X31: C
A32: 15 | B32: R-18b | C32: R-18b | D32: 1 | E32: 328.62906 | F32: 328.22598 | G32: 1 | H32: MultiLineString ((692940.16620135749690235 7574340.58407421596348286, 692998.12120233732275665 7574357.67336937598884106)) | I32: 1.2 | J32: 1.2 | K32: 0 | L32: 692998.12 | M32: 7574357.7 | N32: 328.62906 | O32: 60.422067 | P32: 60.422067 | Q32: -57.955001 | R32: -17.089295 | S32: -0.40307617 | T32: C | U32: 0.024 | V32: 90 | X32: C
... A63: 30 | B63: R-9 | C63: R-9 | D63: 0 | E63: 354.05548 | F63: 353.73798 | G63: 3 | H63: MultiLineString ((691507.72391469345893711 7569388.57430264540016651, 691479.22176939097698778 7569401.46008582692593336)) | I63: 0.9 | J63: 0.9 | K63: 0 | L63: 691507.72 | M63: 7569388.6 | N63: 353.73798 | O63: 31.279637 | P63: 31.279637 | Q63: 28.502145 | R63: -12.885783 | S63: -0.31750488 | T63: C | U63: 0.024 | V63: 90 | X63: C
L96: {=_xlfn.LET( _xlpm.cleanString, SUBSTITUTE(SUBSTITUTE(H4, "MultiLineString ((", ""), "))", ""), _xlpm.xmlString, "<t><s>" & SUBSTITUTE(SUBSTITUTE(_xlpm.cleanString, ", ", "</s><s>"), " ", "</s><s>") & "</s></t>", _xlpm.numbers, _xlfn.FILTERXML(_xlpm.xmlString, "//s"),_xlpm.numbers)} -> 687316.37
L97: 7565096.4
L98: 687240.47
L99: 7565130.9

Sheet PointsTidy - 12D
C1: {=IF(COUNTA(_xlfn.UNIQUE(_xlfn.ANCHORARRAY(B4)&_xlfn.ANCHORARRAY(C4)))<COUNTA(_xlfn.ANCHORARRAY(C4)),"DUPLICATES","")} | W1: CHANGE CULVERT NAMES HERE (IF DESIRED) | AM1: raw name | AN1: adj name
B2: string name | C2: pit name | E2: invert us | F2: invert ds | G2: number of pipes | H2: diameter | I2: width | K2: width | L2: pit centre x | M2: pit centre y | T2: pipe type | AM2: {=_xlfn._xlws.SORT(_xlfn.UNIQUE(_xlfn.ANCHORARRAY(B4)))} -> channel nth | AN2: ChinN2
A3: GroupID | B3: ID | C3: ends | D3: vertex_ind | E3: US_Invert | F3: DS_invert | G3: Number_of | H3: raw_diam | I3: raw_width | J3: Width_or_D | K3: Height_or_ | L3: xcoord | M3: ycoord | N3: zcoord | O3: MeasureLength | P3: AdjustedLength | Q3: dx | R3: dy | S3: dz | T3: Type | U3: Mannings | V3: Skew | W3: NewName | X3: Ctype | Z3: =COUNTA('12D-Culverts.rpt'!A:A) -> 5 | AA3: Expected bottom excel row number | AN3: chinH2
A4: {=INT((ROW(_xlfn.ANCHORARRAY(B4))-2)/2)} -> 1 | B4: {=_xlfn._xlws.FILTER(INDIRECT($AB$5),INDIRECT($AB$5)<>"")} -> channel nth | C4: {=_xlfn._xlws.FILTER(INDIRECT($AB$6),INDIRECT($AB$6)<>"")} -> inlet | D4: {=NOT(MOD(ROW(_xlfn.ANCHORARRAY(B4)),2))*1} -> 1 | E4: {=INDEX('12D-Culverts.rpt'!$A$1:$ZZ$50000,MATCH(_xlfn.ANCHORARRAY($B4),INDIRECT($AC$5),0),INDEX($AA:$AA,MATCH(E$2,$Z:$Z,0)))} -> 147.5 | F4: {=INDEX('12D-Culverts.rpt'!$A$1:$ZZ$50000,MATCH(_xlfn.ANCHORARRAY($B4),INDIRECT($AC$5),0),INDEX($AA:$AA,MATCH(F$2,$Z:$Z,0)))} -> 147.4 | G4: {=IFERROR(INDEX('12D-Culverts.rpt'!$A$1:$ZZ$50000,MATCH(_xlfn.ANCHORARRAY($B4),INDIRECT($AC$5),0),INDEX($AA:$AA,MATCH(G$2,$Z:$Z,0))),1)} -> 2 | H4: {=INDEX('12D-Culverts.rpt'!$A$1:$ZZ$50000,MATCH(_xlfn.ANCHORARRAY($B4),INDIRECT($AC$5),0),INDEX($AA:$AA,MATCH(H$2,$Z:$Z,0)))} -> 0.6 | I4: {=IFERROR(INDEX('12D-Culverts.rpt'!$A$1:$ZZ$50000,MATCH(_xlfn.ANCHORARRAY($B4),INDIRECT($AC$5),0),INDEX($AA:$AA,MATCH(I$2,$Z:$Z,0))),)} -> 1.2 | J4: {=IF(_xlfn.ANCHORARRAY(I4),_xlfn.ANCHORARRAY(I4),_xlfn.ANCHORARRAY(H4))} -> 1.2 | K4: {=IF(_xlfn.ANCHORARRAY(I4),_xlfn.ANCHORARRAY(H4),0)} -> 0.6 | L4: {=SUMIFS(INDIRECT(AB12),INDIRECT(AB5),_xlfn.ANCHORARRAY(B4),INDIRECT(AB6),_xlfn.ANCHORARRAY(C4))} -> 688661.53 | M4: {=SUMIFS(INDIRECT(AB13),INDIRECT(AB5),_xlfn.ANCHORARRAY(B4),INDIRECT(AB6),_xlfn.ANCHORARRAY(C4))} -> 7671744.2 | N4: {=IF(_xlfn.ANCHORARRAY(D4),_xlfn.ANCHORARRAY(E4),_xlfn.ANCHORARRAY(F4))} -> 147.5 | O4: {=SQRT(_xlfn.ANCHORARRAY(Q4)^2+_xlfn.ANCHORARRAY(R4)^2)} -> 26.780951 | P4: {=_xlfn.ANCHORARRAY(O4)} -> 26.780951 | Q4: {=SUMIFS(L:L,$B:$B,_xlfn.ANCHORARRAY($B4),$D:$D,0)-SUMIFS(L:L,$B:$B,_xlfn.ANCHORARRAY($B4),$D:$D,1)} -> -26.023822 | R4: {=SUMIFS(M:M,$B:$B,_xlfn.ANCHORARRAY($B4),$D:$D,0)-SUMIFS(M:M,$B:$B,_xlfn.ANCHORARRAY($B4),$D:$D,1)} -> -6.322974 | S4: {=_xlfn.ANCHORARRAY(F4)-_xlfn.ANCHORARRAY(E4)} -> -0.1 | T4: {=INDEX(Table14[pipet],MATCH(_xlfn.ANCHORARRAY(X4),Table14[Type],0))} -> R | U4: {=INDEX(Table14[mannings],MATCH(_xlfn.ANCHORARRAY(X4),Table14[Type],0))} -> 0.012 | V4: {=INDEX(ProcessAngle!J:J,MATCH(_xlfn.ANCHORARRAY('PointsTidy - 12D'!B4),ProcessAngle!L:L,0))} -> 90 | W4: {=IF(_xlfn.ANCHORARRAY(A4),VLOOKUP(_xlfn.ANCHORARRAY(B4),AM:AN,2,0))} -> ChinN2 | X4: {=INDEX('12D-Culverts.rpt'!$A$1:$ZZ$50000,MATCH(_xlfn.ANCHORARRAY($B4),INDIRECT($AC$5),0),INDEX($AA:$AA,MATCH(T$2,$Z:$Z,0)))} -> BC | AB4: =AC4 -> 12D-Culverts.rpt | AC4: {=MID(CELL("filename",'12D-Culverts.rpt'!A1),FIND("]",CELL("filename",'12D-Culverts.rpt'!A1))+1,255)} -> 12D-Culverts.rpt | AN4: ChinH1
A5: 1 | B5: channel nth | C5: outlet | D5: 0 | E5: 147.5 | F5: 147.4 | G5: 2 | H5: 0.6 | I5: 1.2 | J5: 1.2 | K5: 0.6 | L5: 688635.5 | M5: 7671737.9 | N5: 147.4 | O5: 26.780951 | P5: 26.780951 | Q5: -26.023822 | R5: -6.322974 | S5: -0.1 | T5: R | U5: 0.012 | V5: 90 | W5: ChinN2 | X5: BC | Z5: string name | AA5: =MATCH(Z5,'12D-Culverts.rpt'!$2:$2,0) -> 3 | AB5: =_xlfn.CONCAT(ADDRESS(4,AA5,1,1,AB$4),":",ADDRESS($Z$3,AA5,1,1)) -> '12D-Culverts.rpt'!$C$4:$C$5 | AC5: =_xlfn.CONCAT("'",AC$4,"'!",SUBSTITUTE(ADDRESS(1,AA5,4),"1",""),":",SUBSTITUTE(ADDRESS(1,AA5,4),"1","")) -> '12D-Culverts.rpt'!C:C | AG5: These are #N/A error if not found on the import sheet | AN5: ChinL
Z6: pit name | AA6: =MATCH(Z6,'12D-Culverts.rpt'!$2:$2,0) -> 4 | AB6: =_xlfn.CONCAT(ADDRESS(4,AA6,1,1,AB$4),":",ADDRESS($Z$3,AA6,1,1)) -> '12D-Culverts.rpt'!$D$4:$D$5 | AC6: =_xlfn.CONCAT("'",AC$4,"'!",SUBSTITUTE(ADDRESS(1,AA6,4),"1",""),":",SUBSTITUTE(ADDRESS(1,AA6,4),"1","")) -> '12D-Culverts.rpt'!D:D | AN6: gillam
Z7: invert us | AA7: =MATCH(Z7,'12D-Culverts.rpt'!$2:$2,0) -> 13 | AC7: =_xlfn.CONCAT("'",AC$4,"'!",SUBSTITUTE(ADDRESS(1,AA7,4),"1",""),":",SUBSTITUTE(ADDRESS(1,AA7,4),"1","")) -> '12D-Culverts.rpt'!M:M | AG7: The sheet expects 3 rows of titles, then the data | AN7: turner1
Z8: invert ds | AA8: =MATCH(Z8,'12D-Culverts.rpt'!$2:$2,0) -> 14 | AC8: =_xlfn.CONCAT("'",AC$4,"'!",SUBSTITUTE(ADDRESS(1,AA8,4),"1",""),":",SUBSTITUTE(ADDRESS(1,AA8,4),"1","")) -> '12D-Culverts.rpt'!N:N | AG8: the titles in row T need to be on row 2 of the import | AN8: turner2
Z9: number of pipes | AA9: =MATCH(Z9,'12D-Culverts.rpt'!$2:$2,0) -> 17 | AC9: =_xlfn.CONCAT("'",AC$4,"'!",SUBSTITUTE(ADDRESS(1,AA9,4),"1",""),":",SUBSTITUTE(ADDRESS(1,AA9,4),"1","")) -> '12D-Culverts.rpt'!Q:Q | AN9: turnerW
Z10: diameter | AA10: =MATCH(Z10,'12D-Culverts.rpt'!$2:$2,0) -> 15 | AC10: =_xlfn.CONCAT("'",AC$4,"'!",SUBSTITUTE(ADDRESS(1,AA10,4),"1",""),":",SUBSTITUTE(ADDRESS(1,AA10,4),"1","")) -> '12D-Culverts.rpt'!O:O | AG10: Type | AH10: mannings | AI10: pipet | AN10: ChinN1
Z11: width | AA11: =MATCH(Z11,'12D-Culverts.rpt'!$2:$2,0) -> 16 | AC11: =_xlfn.CONCAT("'",AC$4,"'!",SUBSTITUTE(ADDRESS(1,AA11,4),"1",""),":",SUBSTITUTE(ADDRESS(1,AA11,4),"1","")) -> '12D-Culverts.rpt'!P:P | AG11: CSP | AH11: 0.024 | AI11: C
Z12: pit centre x | AA12: =MATCH(Z12,'12D-Culverts.rpt'!$2:$2,0) -> 7 | AB12: =_xlfn.CONCAT(ADDRESS(4,AA12,1,1,AB$4),":",ADDRESS($Z$3,AA12,1,1)) -> '12D-Culverts.rpt'!$G$4:$G$5 | AC12: =_xlfn.CONCAT("'",AC$4,"'!",SUBSTITUTE(ADDRESS(1,AA12,4),"1",""),":",SUBSTITUTE(ADDRESS(1,AA12,4),"1","")) -> '12D-Culverts.rpt'!G:G | AG12: BC | AH12: 0.012 | AI12: R
Z13: pit centre y | AA13: =MATCH(Z13,'12D-Culverts.rpt'!$2:$2,0) -> 8 | AB13: =_xlfn.CONCAT(ADDRESS(4,AA13,1,1,AB$4),":",ADDRESS($Z$3,AA13,1,1)) -> '12D-Culverts.rpt'!$H$4:$H$5 | AC13: =_xlfn.CONCAT("'",AC$4,"'!",SUBSTITUTE(ADDRESS(1,AA13,4),"1",""),":",SUBSTITUTE(ADDRESS(1,AA13,4),"1","")) -> '12D-Culverts.rpt'!H:H
Z14: pipe type | AA14: =MATCH(Z14,'12D-Culverts.rpt'!$2:$2,0) -> 12 | AC14: =_xlfn.CONCAT("'",AC$4,"'!",SUBSTITUTE(ADDRESS(1,AA14,4),"1",""),":",SUBSTITUTE(ADDRESS(1,AA14,4),"1","")) -> '12D-Culverts.rpt'!L:L
Z16: unique | AA16: =COUNTA(_xlfn.UNIQUE(_xlfn.ANCHORARRAY(W4))) -> 1
Z17: expected | AA17: =COUNTA(_xlfn.ANCHORARRAY(B4))/2 -> 1
AE19: =ADDRESS(1,AA5,,,"BGER-12D.rpt") -> 'BGER-12D.rpt'!$C$1

Sheet ProcessAngle
A1: ° | B1: ' | C1: " | D1: > | E1: Degrees | F1: Minutes | G1: Seconds | H1: Decimal | I1: From90 | J1: Skew | K1: trim1 | L1: Culvert | M1: Raw Data | O1: Can this go negative? Probably, and should work
A2: {=SEARCH(A$1,_xlfn.ANCHORARRAY($M2))} -> #VALUE! | B2: {=SEARCH(B$1,_xlfn.ANCHORARRAY($M2))} -> #VALUE! | C2: {=SEARCH(C$1,_xlfn.ANCHORARRAY($M2))} -> #VALUE! | D2: {=SEARCH(D$1,_xlfn.ANCHORARRAY($M2))} -> #VALUE! | E2: {=VALUE(MID(_xlfn.ANCHORARRAY($M2),_xlfn.ANCHORARRAY(A2)-3,3))} -> #VALUE! | F2: {=VALUE(MID(_xlfn.ANCHORARRAY($M2),_xlfn.ANCHORARRAY(B2)-2,2))} -> #VALUE! | G2: {=VALUE(MID(_xlfn.ANCHORARRAY($M2),_xlfn.ANCHORARRAY(C2)-2,2))} -> #VALUE! | H2: {=_xlfn.ANCHORARRAY(E2)+_xlfn.ANCHORARRAY(F2)/60+_xlfn.ANCHORARRAY(G2)/60/60} -> #VALUE! | I2: {=90+_xlfn.ANCHORARRAY(H2)} -> #VALUE! | J2: {=_xlfn.ANCHORARRAY(I2)} -> #VALUE! | K2: {=RIGHT(_xlfn.ANCHORARRAY(M2),LEN(_xlfn.ANCHORARRAY(M2))-_xlfn.ANCHORARRAY(D2))} -> #VALUE! | L2: {=LEFT(_xlfn.ANCHORARRAY(K2),LEN(_xlfn.ANCHORARRAY(K2))-1)} -> #VALUE! | M2: {=_xlfn._xlws.FILTER('12D-Road.rpt'!A:A,'12D-Road.rpt'!A:A<>"")} -> -----------------------------------------------------------------------------------------------------------
A3: #VALUE! | B3: #VALUE! | C3: 21 | D3: #VALUE! | E3: #VALUE! | F3: #VALUE! | G3: #VALUE! | H3: #VALUE! | I3: #VALUE! | J3: #VALUE! | K3: #VALUE! | L3: #VALUE! | M3: Road centre line "north chinnamon floodway"
A4: #VALUE! | B4: #VALUE! | C4: #VALUE! | D4: #VALUE! | E4: #VALUE! | F4: #VALUE! | G4: #VALUE! | H4: #VALUE! | I4: #VALUE! | J4: #VALUE! | K4: #VALUE! | L4: #VALUE! | M4: -----------------------------------------------------------------------------------------------------------
A5: #VALUE! | B5: #VALUE! | C5: #VALUE! | D5: #VALUE! | E5: #VALUE! | F5: #VALUE! | G5: #VALUE! | H5: #VALUE! | I5: #VALUE! | J5: #VALUE! | K5: #VALUE! | L5: #VALUE! | M5: Crossing Centreline String
A6: #VALUE! | B6: #VALUE! | C6: #VALUE! | D6: #VALUE! | E6: #VALUE! | F6: #VALUE! | G6: #VALUE! | H6: #VALUE! | I6: #VALUE! | J6: #VALUE! | K6: #VALUE! | L6: #VALUE! | M6: Easting Northing Angle Chainage Height Chainage Height Slope% Name
A7: #VALUE! | B7: #VALUE! | C7: #VALUE! | D7: #VALUE! | E7: #VALUE! | F7: #VALUE! | G7: #VALUE! | H7: #VALUE! | I7: #VALUE! | J7: #VALUE! | K7: #VALUE! | L7: #VALUE! | M7: -----------------------------------------------------------------------------------------------------------
A8: 30 | B8: 33 | C8: 36 | D8: 110 | E8: 0 | F8: 0 | G8: 0 | H8: 0 | I8: 90 | J8: 90 | K8: channel nth" | L8: channel nth | M8: 688648.485 7671741.060 0° 0' 0" 445.000 149.001 13.421 147.450 -0.38 "CULVERTS FW->channel nth"
A9: 30 | B9: 33 | C9: 36 | D9: 110 | E9: 0 | F9: 0 | G9: 0 | H9: 0 | I9: 90 | J9: 90 | K9: main channel sth" | L9: main channel sth | M9: 688680.358 7671609.876 0° 0' 0" 310.000 149.000 16.194 146.802 -0.61 "CULVERTS FW->main channel sth"
A10: #VALUE! | B10: #VALUE! | C10: #VALUE! | D10: #VALUE! | E10: #VALUE! | F10: #VALUE! | G10: #VALUE! | H10: #VALUE! | I10: #VALUE! | J10: #VALUE! | K10: #VALUE! | L10: #VALUE! | M10: -----------------------------------------------------------------------------------------------------------
A11: #VALUE! | B11: #VALUE! | C11: #VALUE! | D11: #VALUE! | E11: #VALUE! | F11: #VALUE! | G11: #VALUE! | H11: #VALUE! | I11: #VALUE! | J11: #VALUE! | K11: #VALUE! | L11: #VALUE! | M11: -----------------------------------------------------------------------------------------------------------
A12: #VALUE! | B12: #VALUE! | C12: 21 | D12: #VALUE! | E12: #VALUE! | F12: #VALUE! | G12: #VALUE! | H12: #VALUE! | I12: #VALUE! | J12: #VALUE! | K12: #VALUE! | L12: #VALUE! | M12: Road centre line "Chinnamon"
A13: #VALUE! | B13: #VALUE! | C13: #VALUE! | D13: #VALUE! | E13: #VALUE! | F13: #VALUE! | G13: #VALUE! | H13: #VALUE! | I13: #VALUE! | J13: #VALUE! | K13: #VALUE! | L13: #VALUE! | M13: -----------------------------------------------------------------------------------------------------------
A14: #VALUE! | B14: #VALUE! | C14: #VALUE! | D14: #VALUE! | E14: #VALUE! | F14: #VALUE! | G14: #VALUE! | H14: #VALUE! | I14: #VALUE! | J14: #VALUE! | K14: #VALUE! | L14: #VALUE! | M14: Crossing Centreline String
A15: #VALUE! | B15: #VALUE! | C15: #VALUE! | D15: #VALUE! | E15: #VALUE! | F15: #VALUE! | G15: #VALUE! | H15: #VALUE! | I15: #VALUE! | J15: #VALUE! | K15: #VALUE! | L15: #VALUE! | M15: Easting Northing Angle Chainage Height Chainage Height Slope% Name
A16: #VALUE! | B16: #VALUE! | C16: #VALUE! | D16: #VALUE! | E16: #VALUE! | F16: #VALUE! | G16: #VALUE! | H16: #VALUE! | I16: #VALUE! | J16: #VALUE! | K16: #VALUE! | L16: #VALUE! | M16: -----------------------------------------------------------------------------------------------------------
A17: 30 | B17: 33 | C17: 36 | D17: 110 | E17: 8 | F17: 6 | G17: 51 | H17: 8.1141667 | I17: 98.114167 | J17: 98.114167 | K17: culvert Chinnamon Crk" | L17: culvert Chinnamon Crk | M17: 687903.291 7671196.904 8° 6'51" 14747.731 149.604 16.072 146.955 -0.28 "CULVERTS FW->culvert Chinnamon Crk"
A18: 30 | B18: 33 | C18: 36 | D18: 110 | E18: 0 | F18: 0 | G18: 0 | H18: 0 | I18: 90 | J18: 90 | K18: culvert Chinnamon Crk 001" | L18: culvert Chinnamon Crk 001 | M18: 687697.042 7671144.787 0° 0' 0" 14535.000 149.633 22.911 146.448 -0.23 "CULVERTS FW->culvert Chinnamon Crk 001"
A19: #VALUE! | B19: #VALUE! | C19: #VALUE! | D19: #VALUE! | E19: #VALUE! | F19: #VALUE! | G19: #VALUE! | H19: #VALUE! | I19: #VALUE! | J19: #VALUE! | K19: #VALUE! | L19: #VALUE! | M19: -----------------------------------------------------------------------------------------------------------
A20: #VALUE! | B20: #VALUE! | C20: #VALUE! | D20: #VALUE! | E20: #VALUE! | F20: #VALUE! | G20: #VALUE! | H20: #VALUE! | I20: #VALUE! | J20: #VALUE! | K20: #VALUE! | L20: #VALUE! | M20: -----------------------------------------------------------------------------------------------------------
A21: #VALUE! | B21: #VALUE! | C21: 21 | D21: #VALUE! | E21: #VALUE! | F21: #VALUE! | G21: #VALUE! | H21: #VALUE! | I21: #VALUE! | J21: #VALUE! | K21: #VALUE! | L21: #VALUE! | M21: Road centre line "Chinnamon low level option"
A22: #VALUE! | B22: #VALUE! | C22: #VALUE! | D22: #VALUE! | E22: #VALUE! | F22: #VALUE! | G22: #VALUE! | H22: #VALUE! | I22: #VALUE! | J22: #VALUE! | K22: #VALUE! | L22: #VALUE! | M22: -----------------------------------------------------------------------------------------------------------
A23: #VALUE! | B23: #VALUE! | C23: #VALUE! | D23: #VALUE! | E23: #VALUE! | F23: #VALUE! | G23: #VALUE! | H23: #VALUE! | I23: #VALUE! | J23: #VALUE! | K23: #VALUE! | L23: #VALUE! | M23: Crossing Centreline String
A24: #VALUE! | B24: #VALUE! | C24: #VALUE! | D24: #VALUE! | E24: #VALUE! | F24: #VALUE! | G24: #VALUE! | H24: #VALUE! | I24: #VALUE! | J24: #VALUE! | K24: #VALUE! | L24: #VALUE! | M24: Easting Northing Angle Chainage Height Chainage Height Slope% Name
A25: #VALUE! | B25: #VALUE! | C25: #VALUE! | D25: #VALUE! | E25: #VALUE! | F25: #VALUE! | G25: #VALUE! | H25: #VALUE! | I25: #VALUE! | J25: #VALUE! | K25: #VALUE! | L25: #VALUE! | M25: -----------------------------------------------------------------------------------------------------------
A26: 30 | B26: 33 | C26: 36 | D26: 127 | E26: 0 | F26: 0 | G26: 0 | H26: 0 | I26: 90 | J26: 90 | K26: culvert Chinnamon crl low level opt" | L26: culvert Chinnamon crl low level opt | M26: 687905.490 7671197.460 0° 0' 0" 14750.000 148.510 10.977 147.269 -2.10 "CULVERTS FW Chinnamon option->culvert Chinnamon crl low level opt"
A27: #VALUE! | B27: #VALUE! | C27: #VALUE! | D27: #VALUE! | E27: #VALUE! | F27: #VALUE! | G27: #VALUE! | H27: #VALUE! | I27: #VALUE! | J27: #VALUE! | K27: #VALUE! | L27: #VALUE! | M27: -----------------------------------------------------------------------------------------------------------
A28: #VALUE! | B28: #VALUE! | C28: #VALUE! | D28: #VALUE! | E28: #VALUE! | F28: #VALUE! | G28: #VALUE! | H28: #VALUE! | I28: #VALUE! | J28: #VALUE! | K28: #VALUE! | L28: #VALUE! | M28: -----------------------------------------------------------------------------------------------------------
A29: #VALUE! | B29: #VALUE! | C29: 21 | D29: #VALUE! | E29: #VALUE! | F29: #VALUE! | G29: #VALUE! | H29: #VALUE! | I29: #VALUE! | J29: #VALUE! | K29: #VALUE! | L29: #VALUE! | M29: Road centre line "Gillian Creek"
A30: #VALUE! | B30: #VALUE! | C30: #VALUE! | D30: #VALUE! | E30: #VALUE! | F30: #VALUE! | G30: #VALUE! | H30: #VALUE! | I30: #VALUE! | J30: #VALUE! | K30: #VALUE! | L30: #VALUE! | M30: -----------------------------------------------------------------------------------------------------------
A31: #VALUE! | B31: #VALUE! | C31: #VALUE! | D31: #VALUE! | E31: #VALUE! | F31: #VALUE! | G31: #VALUE! | H31: #VALUE! | I31: #VALUE! | J31: #VALUE! | K31: #VALUE! | L31: #VALUE! | M31: Crossing Centreline String
A32: #VALUE! | B32: #VALUE! | C32: #VALUE! | D32: #VALUE! | E32: #VALUE! | F32: #VALUE! | G32: #VALUE! | H32: #VALUE! | I32: #VALUE! | J32: #VALUE! | K32: #VALUE! | L32: #VALUE! | M32: Easting Northing Angle Chainage Height Chainage Height Slope% Name
A33: #VALUE! | B33: #VALUE! | C33: #VALUE! | D33: #VALUE! | E33: #VALUE! | F33: #VALUE! | G33: #VALUE! | H33: #VALUE! | I33: #VALUE! | J33: #VALUE! | K33: #VALUE! | L33: #VALUE! | M33: -----------------------------------------------------------------------------------------------------------
A34: 30 | B34: 33 | C34: 36 | D34: 110 | E34: 16 | F34: 44 | G34: 37 | H34: 16.743611 | I34: 106.74361 | J34: 106.74361 | K34: culvert Gillam crk 001" | L34: culvert Gillam crk 001 | M34: 682975.952 7669843.586 16°44'37" 9393.431 138.600 7.684 137.682 -1.53 "CULVERTS FW->culvert Gillam crk 001"
A35: #VALUE! | B35: #VALUE! | C35: #VALUE! | D35: #VALUE! | E35: #VALUE! | F35: #VALUE! | G35: #VALUE! | H35: #VALUE! | I35: #VALUE! | J35: #VALUE! | K35: #VALUE! | L35: #VALUE! | M35: -----------------------------------------------------------------------------------------------------------
A36: #VALUE! | B36: #VALUE! | C36: #VALUE! | D36: #VALUE! | E36: #VALUE! | F36: #VALUE! | G36: #VALUE! | H36: #VALUE! | I36: #VALUE! | J36: #VALUE! | K36: #VALUE! | L36: #VALUE! | M36: -----------------------------------------------------------------------------------------------------------
A37: #VALUE! | B37: #VALUE! | C37: 21 | D37: #VALUE! | E37: #VALUE! | F37: #VALUE! | G37: #VALUE! | H37: #VALUE! | I37: #VALUE! | J37: #VALUE! | K37: #VALUE! | L37: #VALUE! | M37: Road centre line "Turner River West"
A38: #VALUE! | B38: #VALUE! | C38: #VALUE! | D38: #VALUE! | E38: #VALUE! | F38: #VALUE! | G38: #VALUE! | H38: #VALUE! | I38: #VALUE! | J38: #VALUE! | K38: #VALUE! | L38: #VALUE! | M38: -----------------------------------------------------------------------------------------------------------
A39: #VALUE! | B39: #VALUE! | C39: #VALUE! | D39: #VALUE! | E39: #VALUE! | F39: #VALUE! | G39: #VALUE! | H39: #VALUE! | I39: #VALUE! | J39: #VALUE! | K39: #VALUE! | L39: #VALUE! | M39: Crossing Centreline String
A40: #VALUE! | B40: #VALUE! | C40: #VALUE! | D40: #VALUE! | E40: #VALUE! | F40: #VALUE! | G40: #VALUE! | H40: #VALUE! | I40: #VALUE! | J40: #VALUE! | K40: #VALUE! | L40: #VALUE! | M40: Easting Northing Angle Chainage Height Chainage Height Slope% Name
A41: #VALUE! | B41: #VALUE! | C41: #VALUE! | D41: #VALUE! | E41: #VALUE! | F41: #VALUE! | G41: #VALUE! | H41: #VALUE! | I41: #VALUE! | J41: #VALUE! | K41: #VALUE! | L41: #VALUE! | M41: -----------------------------------------------------------------------------------------------------------
A42: 30 | B42: 33 | C42: 36 | D42: 110 | E42: 0 | F42: 0 | G42: 0 | H42: 0 | I42: 90 | J42: 90 | K42: culvert turner river west 002" | L42: culvert turner river west 002 | M42: 678169.439 7664130.160 0° 0' 0" 1820.000 142.108 9.614 141.756 -1.49 "CULVERTS FW->culvert turner river west 002"
A43: #VALUE! | B43: #VALUE! | C43: #VALUE! | D43: #VALUE! | E43: #VALUE! | F43: #VALUE! | G43: #VALUE! | H43: #VALUE! | I43: #VALUE! | J43: #VALUE! | K43: #VALUE! | L43: #VALUE! | M43: -----------------------------------------------------------------------------------------------------------
A44: #VALUE! | B44: #VALUE! | C44: #VALUE! | D44: #VALUE! | E44: #VALUE! | F44: #VALUE! | G44: #VALUE! | H44: #VALUE! | I44: #VALUE! | J44: #VALUE! | K44: #VALUE! | L44: #VALUE! | M44: -----------------------------------------------------------------------------------------------------------
A45: #VALUE! | B45: #VALUE! | C45: 21 | D45: #VALUE! | E45: #VALUE! | F45: #VALUE! | G45: #VALUE! | H45: #VALUE! | I45: #VALUE! | J45: #VALUE! | K45: #VALUE! | L45: #VALUE! | M45: Road centre line "Turner River"
A46: #VALUE! | B46: #VALUE! | C46: #VALUE! | D46: #VALUE! | E46: #VALUE! | F46: #VALUE! | G46: #VALUE! | H46: #VALUE! | I46: #VALUE! | J46: #VALUE! | K46: #VALUE! | L46: #VALUE! | M46: -----------------------------------------------------------------------------------------------------------
A47: #VALUE! | B47: #VALUE! | C47: #VALUE! | D47: #VALUE! | E47: #VALUE! | F47: #VALUE! | G47: #VALUE! | H47: #VALUE! | I47: #VALUE! | J47: #VALUE! | K47: #VALUE! | L47: #VALUE! | M47: Crossing Centreline String
A48: #VALUE! | B48: #VALUE! | C48: #VALUE! | D48: #VALUE! | E48: #VALUE! | F48: #VALUE! | G48: #VALUE! | H48: #VALUE! | I48: #VALUE! | J48: #VALUE! | K48: #VALUE! | L48: #VALUE! | M48: Easting Northing Angle Chainage Height Chainage Height Slope% Name
A49: #VALUE! | B49: #VALUE! | C49: #VALUE! | D49: #VALUE! | E49: #VALUE! | F49: #VALUE! | G49: #VALUE! | H49: #VALUE! | I49: #VALUE! | J49: #VALUE! | K49: #VALUE! | L49: #VALUE! | M49: -----------------------------------------------------------------------------------------------------------
A50: 30 | B50: 33 | C50: 36 | D50: 110 | E50: 0 | F50: 0 | G50: 0 | H50: 0 | I50: 90 | J50: 90 | K50: culvert turner river 001" | L50: culvert turner river 001 | M50: 681184.230 7667352.973 0° 0' 0" 6240.000 139.209 20.035 137.449 -0.26 "CULVERTS FW->culvert turner river 001"
A51: 30 | B51: 33 | C51: 36 | D51: 110 | E51: 10 | F51: 40 | G51: 25 | H51: 10.673611 | I51: 100.67361 | J51: 100.67361 | K51: culvert turner river 002" | L51: culvert turner river 002 | M51: 680778.666 7666804.650 10°40'25" 5557.988 139.200 16.133 137.880 -0.74 "CULVERTS FW->culvert turner river 002"
A52: #VALUE! | B52: #VALUE! | C52: #VALUE! | D52: #VALUE! | E52: #VALUE! | F52: #VALUE! | G52: #VALUE! | H52: #VALUE! | I52: #VALUE! | J52: #VALUE! | K52: #VALUE! | L52: #VALUE! | M52: -----------------------------------------------------------------------------------------------------------

Sheet PointsTidy - master
C1: {=IF(COUNTA(_xlfn.UNIQUE(_xlfn.ANCHORARRAY(B4)&_xlfn.ANCHORARRAY(C4)))<COUNTA(_xlfn.ANCHORARRAY(C4)),"DUPLICATES","")} -> DUPLICATES | W1: CHANGE CULVERT NAMES HERE (IF DESIRED) | Z1: SOURCE | AB1: 1d_nwk | AM1: raw name | AN1: adj name
B2: string name | C2: pit name | E2: invert us | F2: invert ds | G2: number of pipes | H2: diameter | I2: width | K2: width | L2: pit centre x | M2: pit centre y | T2: pipe type | AM2: {=_xlfn._xlws.SORT(_xlfn.UNIQUE(_xlfn.ANCHORARRAY(B4)))} -> R-1 | AN2: {=_xlfn.ANCHORARRAY(AM2)} -> R-1
A3: GroupID | B3: ID | C3: ends | D3: vertex_ind | E3: US_Invert | F3: DS_invert | G3: Number_of | H3: raw_diam | I3: raw_width | J3: Width_or_D | K3: Height_or_ | L3: xcoord | M3: ycoord | N3: zcoord | O3: MeasureLength | P3: AdjustedLength | Q3: dx | R3: dy | S3: dz | T3: Type | U3: Mannings | V3: Skew | W3: NewName | X3: Ctype | AM3: R-10 | AN3: R-10
A4: {=IF($AB$1="1d_nwk",_xlfn.ANCHORARRAY('PointsTidy -from 1dnwk'!A4),_xlfn.ANCHORARRAY('PointsTidy - 12D'!A4))} -> 1 | B4: {=IF($AB$1="1d_nwk",_xlfn.ANCHORARRAY('PointsTidy -from 1dnwk'!B4),_xlfn.ANCHORARRAY('PointsTidy - 12D'!B4))} -> R-1 | C4: {=IF($AB$1="1d_nwk",_xlfn.ANCHORARRAY('PointsTidy -from 1dnwk'!C4),_xlfn.ANCHORARRAY('PointsTidy - 12D'!C4))} -> R-1 | D4: {=IF($AB$1="1d_nwk",_xlfn.ANCHORARRAY('PointsTidy -from 1dnwk'!D4),_xlfn.ANCHORARRAY('PointsTidy - 12D'!D4))} -> 1 | E4: {=IF($AB$1="1d_nwk",_xlfn.ANCHORARRAY('PointsTidy -from 1dnwk'!E4),_xlfn.ANCHORARRAY('PointsTidy - 12D'!E4))} -> 398.32245 | F4: {=IF($AB$1="1d_nwk",_xlfn.ANCHORARRAY('PointsTidy -from 1dnwk'!F4),_xlfn.ANCHORARRAY('PointsTidy - 12D'!F4))} -> 395.86798 | G4: {=IF($AB$1="1d_nwk",_xlfn.ANCHORARRAY('PointsTidy -from 1dnwk'!G4),_xlfn.ANCHORARRAY('PointsTidy - 12D'!G4))} -> 5 | H4: {=IF($AB$1="1d_nwk",_xlfn.ANCHORARRAY('PointsTidy -from 1dnwk'!H4),_xlfn.ANCHORARRAY('PointsTidy - 12D'!H4))} -> MultiLineString ((687316.367809071787633 7565096.3571438966318965, 687240.47098323528189212 7565130.91730566136538982)) | ... V4: {=IF($AB$1="1d_nwk",_xlfn.ANCHORARRAY('PointsTidy -from 1dnwk'!V4),_xlfn.ANCHORARRAY('PointsTidy - 12D'!V4))} -> 90 | W4: {=IF(_xlfn.ANCHORARRAY(A4),VLOOKUP(_xlfn.ANCHORARRAY(B4),AM:AN,2,0))} -> R-1 | X4: {=IF($AB$1="1d_nwk",_xlfn.ANCHORARRAY('PointsTidy -from 1dnwk'!X4),_xlfn.ANCHORARRAY('PointsTidy - 12D'!X4))} -> C | AM4: R-10b | AN4: R-10b
A5: 1 | B5: R-1 | C5: R-1 | D5: 0 | E5: 398.32245 | F5: 395.86798 | G5: 5 | H5: MultiLineString ((687316.367809071787633 7565096.3571438966318965, 687240.47098323528189212 7565130.91730566136538982)) | I5: 1.5 | J5: 1.5 | K5: 0 | L5: 687316.37 | M5: 7565096.4 | N5: 395.86798 | O5: 83.395042 | P5: 83.395042 | Q5: 75.896826 | R5: -34.560162 | S5: -2.4544678 | T5: C | U5: 0.024 | V5: 90 | W5: R-1 | X5: C | AG5: These are #N/A error if not found on the import sheet | AM5: R-10c | AN5: R-10c
A6: 2 | B6: R-10 | C6: R-10 | D6: 1 | E6: 349.98645 | F6: 349.86862 | G6: 2 | H6: MultiLineString ((691801.30686036229599267 7569982.24155627377331257, 691774.55839837156236172 7569997.47331935167312622)) | I6: 1.2 | J6: 1.2 | K6: 0 | L6: 691774.56 | M6: 7569997.5 | N6: 349.98645 | O6: 30.781274 | P6: 30.781274 | Q6: 26.748462 | R6: -15.231763 | S6: -0.11782837 | T6: C | U6: 0.024 | V6: 90 | W6: R-10 | X6: C | AM6: R-11 | AN6: R-11
A7: 2 | B7: R-10 | C7: R-10 | D7: 0 | E7: 349.98645 | F7: 349.86862 | G7: 2 | H7: MultiLineString ((691801.30686036229599267 7569982.24155627377331257, 691774.55839837156236172 7569997.47331935167312622)) | I7: 1.2 | J7: 1.2 | K7: 0 | L7: 691801.31 | M7: 7569982.2 | N7: 349.86862 | O7: 30.781274 | P7: 30.781274 | Q7: 26.748462 | R7: -15.231763 | S7: -0.11782837 | T7: C | U7: 0.024 | V7: 90 | W7: R-10 | X7: C | AG7: The sheet expects 3 rows of titles, then the data | AM7: R-12 | AN7: R-12
A8: 3 | B8: R-10b | C8: R-10b | D8: 1 | E8: 351.56097 | F8: 351.14426 | G8: 2 | H8: MultiLineString ((691742.79459975729696453 7569821.37927791196852922, 691717.62504003697540611 7569824.07269943132996559)) | I8: 1.2 | J8: 1.2 | K8: 0 | L8: 691717.63 | M8: 7569824.1 | N8: 351.56097 | O8: 25.313262 | P8: 25.313262 | Q8: 25.16956 | R8: -2.6934215 | S8: -0.41671753 | T8: C | U8: 0.024 | V8: 90 | W8: R-10b | X8: C | AG8: the titles in row T need to be on row 2 of the import | AM8: R-13 | AN8: R-13
A9: 3 | B9: R-10b | C9: R-10b | D9: 0 | E9: 351.56097 | F9: 351.14426 | G9: 2 | H9: MultiLineString ((691742.79459975729696453 7569821.37927791196852922, 691717.62504003697540611 7569824.07269943132996559)) | I9: 1.2 | J9: 1.2 | K9: 0 | L9: 691742.79 | M9: 7569821.4 | N9: 351.14426 | O9: 25.313262 | P9: 25.313262 | Q9: 25.16956 | R9: -2.6934215 | S9: -0.41671753 | T9: C | U9: 0.024 | V9: 90 | W9: R-10b | X9: C | AM9: R-14 | AN9: R-14
A10: 4 | B10: R-10c | C10: R-10c | D10: 1 | E10: 353.09366 | F10: 352.65433 | G10: 1 | H10: MultiLineString ((691654.5618258296744898 7569630.88936283066868782, 691636.54376462753862143 7569647.32852176204323769)) | I10: 0.9 | J10: 0.9 | K10: 0 | L10: 691636.54 | M10: 7569647.3 | N10: 353.09366 | O10: 24.3905 | P10: 24.3905 | Q10: 18.018061 | R10: -16.439159 | S10: -0.43933105 | T10: C | U10: 0.024 | V10: 90 | W10: R-10c | X10: C | AG10: Type | AH10: mannings | AI10: pipet | AM10: R-14b | AN10: R-14b
A11: 4 | B11: R-10c | C11: R-10c | D11: 0 | E11: 353.09366 | F11: 352.65433 | G11: 1 | H11: MultiLineString ((691654.5618258296744898 7569630.88936283066868782, 691636.54376462753862143 7569647.32852176204323769)) | I11: 0.9 | J11: 0.9 | K11: 0 | L11: 691654.56 | M11: 7569630.9 | N11: 352.65433 | O11: 24.3905 | P11: 24.3905 | Q11: 18.018061 | R11: -16.439159 | S11: -0.43933105 | T11: C | U11: 0.024 | V11: 90 | W11: R-10c | X11: C | AG11: CSP | AH11: 0.024 | AI11: C | AM11: R-15 | AN11: R-15
A12: 5 | B12: R-11 | C12: R-11 | D12: 1 | E12: 348.3009 | F12: 348.02838 | G12: 3 | H12: MultiLineString ((691909.32235097035299987 7570320.73034003842622042, 691880.06622066791169345 7570339.67716728243976831)) | I12: 1.5 | J12: 1.5 | K12: 0 | L12: 691880.07 | M12: 7570339.7 | N12: 348.3009 | O12: 34.855465 | P12: 34.855465 | Q12: 29.25613 | R12: -18.946827 | S12: -0.27252197 | T12: C | U12: 0.024 | V12: 90 | W12: R-11 | X12: C | AG12: BC | AH12: 0.012 | AI12: R | AM12: R-16 | AN12: R-16
A13: 5 | B13: R-11 | C13: R-11 | D13: 0 | E13: 348.3009 | F13: 348.02838 | G13: 3 | H13: MultiLineString ((691909.32235097035299987 7570320.73034003842622042, 691880.06622066791169345 7570339.67716728243976831)) | I13: 1.5 | J13: 1.5 | K13: 0 | L13: 691909.32 | M13: 7570320.7 | N13: 348.02838 | O13: 34.855465 | P13: 34.855465 | Q13: 29.25613 | R13: -18.946827 | S13: -0.27252197 | T13: C | U13: 0.024 | V13: 90 | W13: R-11 | X13: C | AM13: R-17 | AN13: R-17
A14: 6 | B14: R-12 | C14: R-12 | D14: 1 | E14: 351.80154 | F14: 351.21353 | G14: 2 | H14: MultiLineString ((692036.69809301919303834 7570740.82406918331980705, 692012.72198079596273601 7570764.29275045823305845)) | I14: 0.9 | J14: 0.9 | K14: 0 | L14: 692012.72 | M14: 7570764.3 | N14: 351.80154 | O14: 33.550454 | P14: 33.550454 | Q14: 23.976112 | R14: -23.468681 | S14: -0.5880127 | T14: C | U14: 0.024 | V14: 90 | W14: R-12 | X14: C | AM14: R-17b | AN14: R-17b
A15: 6 | B15: R-12 | C15: R-12 | D15: 0 | E15: 351.80154 | F15: 351.21353 | G15: 2 | H15: MultiLineString ((692036.69809301919303834 7570740.82406918331980705, 692012.72198079596273601 7570764.29275045823305845)) | I15: 0.9 | J15: 0.9 | K15: 0 | L15: 692036.7 | M15: 7570740.8 | N15: 351.21353 | O15: 33.550454 | P15: 33.550454 | Q15: 23.976112 | R15: -23.468681 | S15: -0.5880127 | T15: C | U15: 0.024 | V15: 90 | W15: R-12 | X15: C | AM15: R-18 | AN15: R-18
A16: 7 | B16: R-13 | C16: R-13 | D16: 1 | E16: 344.2049 | F16: 343.79401 | G16: 4 | H16: MultiLineString ((692161.01794817426707596 7571146.96061041299253702, 692109.38757610891479999 7571160.85003517102450132)) | I16: 1.5 | J16: 1.5 | K16: 0 | L16: 692109.39 | M16: 7571160.9 | N16: 344.2049 | O16: 53.465984 | P16: 53.465984 | Q16: 51.630372 | R16: -13.889425 | S16: -0.41088867 | T16: C | U16: 0.024 | V16: 90 | W16: R-13 | X16: C | Z16: unique | AA16: =COUNTA(_xlfn.UNIQUE(_xlfn.ANCHORARRAY(W4))) -> 30 | AM16: R-18b | AN16: R-18b
A17: 7 | B17: R-13 | C17: R-13 | D17: 0 | E17: 344.2049 | F17: 343.79401 | G17: 4 | H17: MultiLineString ((692161.01794817426707596 7571146.96061041299253702, 692109.38757610891479999 7571160.85003517102450132)) | I17: 1.5 | J17: 1.5 | K17: 0 | L17: 692161.02 | M17: 7571147 | N17: 343.79401 | O17: 53.465984 | P17: 53.465984 | Q17: 51.630372 | R17: -13.889425 | S17: -0.41088867 | T17: C | U17: 0.024 | V17: 90 | W17: R-13 | X17: C | Z17: expected | AA17: =COUNTA(_xlfn.ANCHORARRAY(B4))/2 -> 30 | AM17: R-19 | AN17: R-19
A18: 8 | B18: R-14 | C18: R-14 | D18: 1 | E18: 342.7135 | F18: 342.29199 | G18: 4 | H18: MultiLineString ((692208.38501628290396184 7571615.61595487501472235, 692159.34616929991170764 7571613.57266958430409431)) | I18: 1.5 | J18: 1.5 | K18: 0 | L18: 692159.35 | M18: 7571613.6 | N18: 342.7135 | O18: 49.081397 | P18: 49.081397 | Q18: 49.038847 | R18: 2.0432853 | S18: -0.42150879 | T18: C | U18: 0.024 | V18: 90 | W18: R-14 | X18: C | AM18: R-2 | AN18: R-2
A19: 8 | B19: R-14 | C19: R-14 | D19: 0 | E19: 342.7135 | F19: 342.29199 | G19: 4 | H19: MultiLineString ((692208.38501628290396184 7571615.61595487501472235, 692159.34616929991170764 7571613.57266958430409431)) | I19: 1.5 | J19: 1.5 | K19: 0 | L19: 692208.39 | M19: 7571615.6 | N19: 342.29199 | O19: 49.081397 | P19: 49.081397 | Q19: 49.038847 | R19: 2.0432853 | S19: -0.42150879 | T19: C | U19: 0.024 | V19: 90 | W19: R-14 | X19: C | AM19: R-20 | AN19: R-20
A20: 9 | B20: R-14b | C20: R-14b | D20: 1 | E20: 346.563 | F20: 345.325 | G20: 1 | H20: MultiLineString ((692189.49452477414160967 7571443.62287487834692001, 692159.25583927519619465 7571463.08685634937137365)) | I20: 0.9 | J20: 0.9 | K20: 0 | L20: 692159.26 | M20: 7571463.1 | N20: 346.563 | O20: 35.961433 | P20: 35.961433 | Q20: 30.238685 | R20: -19.463981 | S20: -1.238 | T20: C | U20: 0.024 | V20: 90 | W20: R-14b | X20: C | AM20: R-21 | AN20: R-21
A21: 9 | B21: R-14b | C21: R-14b | D21: 0 | E21: 346.563 | F21: 345.325 | G21: 1 | H21: MultiLineString ((692189.49452477414160967 7571443.62287487834692001, 692159.25583927519619465 7571463.08685634937137365)) | I21: 0.9 | J21: 0.9 | K21: 0 | L21: 692189.49 | M21: 7571443.6 | N21: 345.325 | O21: 35.961433 | P21: 35.961433 | Q21: 30.238685 | R21: -19.463981 | S21: -1.238 | T21: C | U21: 0.024 | V21: 90 | W21: R-14b | X21: C | AM21: R-22 | AN21: R-22
A22: 10 | B22: R-15 | C22: R-15 | D22: 1 | E22: 344.97507 | F22: 344.4899 | G22: 2 | H22: MultiLineString ((692207.45625024160835892 7571762.91824903339147568, 692168.81958292168565094 7571777.40699927881360054)) | I22: 1.5 | J22: 1.5 | K22: 0 | L22: 692168.82 | M22: 7571777.4 | N22: 344.97507 | O22: 41.263979 | P22: 41.263979 | Q22: 38.636667 | R22: -14.48875 | S22: -0.48516846 | T22: C | U22: 0.024 | V22: 90 | W22: R-15 | X22: C | AM22: R-3 | AN22: R-3
A23: 10 | B23: R-15 | C23: R-15 | D23: 0 | E23: 344.97507 | F23: 344.4899 | G23: 2 | H23: MultiLineString ((692207.45625024160835892 7571762.91824903339147568, 692168.81958292168565094 7571777.40699927881360054)) | I23: 1.5 | J23: 1.5 | K23: 0 | L23: 692207.46 | M23: 7571762.9 | N23: 344.4899 | O23: 41.263979 | P23: 41.263979 | Q23: 38.636667 | R23: -14.48875 | S23: -0.48516846 | T23: C | U23: 0.024 | V23: 90 | W23: R-15 | X23: C | AM23: R-4 | AN23: R-4
A24: 11 | B24: R-16 | C24: R-16 | D24: 1 | E24: 347.94794 | F24: 347.10492 | G24: 1 | H24: MultiLineString ((692226.58883069327566773 7572259.15794492140412331, 692181.91518410469871014 7572253.02808904834091663)) | I24: 1.2 | J24: 1.2 | K24: 0 | L24: 692181.92 | M24: 7572253 | N24: 347.94794 | O24: 45.092237 | P24: 45.092237 | Q24: 44.673647 | R24: 6.1298559 | S24: -0.84301758 | T24: C | U24: 0.024 | V24: 90 | W24: R-16 | X24: C | AM24: R-5 | AN24: R-5
A25: 11 | B25: R-16 | C25: R-16 | D25: 0 | E25: 347.94794 | F25: 347.10492 | G25: 1 | H25: MultiLineString ((692226.58883069327566773 7572259.15794492140412331, 692181.91518410469871014 7572253.02808904834091663)) | I25: 1.2 | J25: 1.2 | K25: 0 | L25: 692226.59 | M25: 7572259.2 | N25: 347.10492 | O25: 45.092237 | P25: 45.092237 | Q25: 44.673647 | R25: 6.1298559 | S25: -0.84301758 | T25: C | U25: 0.024 | V25: 90 | W25: R-16 | X25: C | AM25: R-6 | AN25: R-6
A26: 12 | B26: R-17 | C26: R-17 | D26: 1 | E26: 337.30045 | F26: 337.15353 | G26: 2 | H26: MultiLineString ((692464.0743074647616595 7573334.20463777799159288, 692436.02557301614433527 7573348.69338802248239517)) | I26: 1.5 | J26: 1.5 | K26: 0 | L26: 692436.03 | M26: 7573348.7 | N26: 337.30045 | O26: 31.569849 | P26: 31.569849 | Q26: 28.048734 | R26: -14.48875 | S26: -0.14691162 | T26: C | U26: 0.024 | V26: 90 | W26: R-17 | X26: C | AM26: R-6b | AN26: R-6b
A27: 12 | B27: R-17 | C27: R-17 | D27: 0 | E27: 337.30045 | F27: 337.15353 | G27: 2 | H27: MultiLineString ((692464.0743074647616595 7573334.20463777799159288, 692436.02557301614433527 7573348.69338802248239517)) | I27: 1.5 | J27: 1.5 | K27: 0 | L27: 692464.07 | M27: 7573334.2 | N27: 337.15353 | O27: 31.569849 | P27: 31.569849 | Q27: 28.048734 | R27: -14.48875 | S27: -0.14691162 | T27: C | U27: 0.024 | V27: 90 | W27: R-17 | X27: C | AM27: R-7 | AN27: R-7
A28: 13 | B28: R-17b | C28: R-17b | D28: 1 | E28: 337.62054 | F28: 336.73544 | G28: 1 | H28: MultiLineString ((692507.26192838733550161 7573519.77209283597767353, 692464.7244436937617138 7573513.27073054667562246)) | I28: 0.9 | J28: 0.9 | K28: 0 | L28: 692464.72 | M28: 7573513.3 | N28: 337.62054 | O28: 43.031446 | P28: 43.031446 | Q28: 42.537485 | R28: 6.5013623 | S28: -0.88510132 | T28: C | U28: 0.024 | V28: 90 | W28: R-17b | X28: C | AM28: R-7b | AN28: R-7b
A29: 13 | B29: R-17b | C29: R-17b | D29: 0 | E29: 337.62054 | F29: 336.73544 | G29: 1 | H29: MultiLineString ((692507.26192838733550161 7573519.77209283597767353, 692464.7244436937617138 7573513.27073054667562246)) | I29: 0.9 | J29: 0.9 | K29: 0 | L29: 692507.26 | M29: 7573519.8 | N29: 336.73544 | O29: 43.031446 | P29: 43.031446 | Q29: 42.537485 | R29: 6.5013623 | S29: -0.88510132 | T29: C | U29: 0.024 | V29: 90 | W29: R-17b | X29: C | AM29: R-7c | AN29: R-7c
... A31: 14 | B31: R-18 | C31: R-18 | D31: 0 | E31: 326.11298 | F31: 326.04398 | G31: 5 | H31: MultiLineString ((693238.80200534139294177 7574681.5327999098226428, 693222.05678410606924444 7574705.88948534335941076)) | I31: 1.2 | J31: 1.2 | K31: 0 | L31: 693238.8 | M31: 7574681.5 | N31: 326.04398 | O31: 29.55758 | P31: 29.55758 | Q31: 16.745221 | R31: -24.356685 | S31: -0.069000244 | T31: C | U31: 0.024 | V31: 90 | W31: R-18 | X31: C | AM31: R-9 | AN31: R-9
A32: 15 | B32: R-18b | C32: R-18b | D32: 1 | E32: 328.62906 | F32: 328.22598 | G32: 1 | H32: MultiLineString ((692940.16620135749690235 7574340.58407421596348286, 692998.12120233732275665 7574357.67336937598884106)) | I32: 1.2 | J32: 1.2 | K32: 0 | L32: 692998.12 | M32: 7574357.7 | N32: 328.62906 | O32: 60.422067 | P32: 60.422067 | Q32: -57.955001 | R32: -17.089295 | S32: -0.40307617 | T32: C | U32: 0.024 | V32: 90 | W32: R-18b | X32: C
A33: 15 | B33: R-18b | C33: R-18b | D33: 0 | E33: 328.62906 | F33: 328.22598 | G33: 1 | H33: MultiLineString ((692940.16620135749690235 7574340.58407421596348286, 692998.12120233732275665 7574357.67336937598884106)) | I33: 1.2 | J33: 1.2 | K33: 0 | L33: 692940.17 | M33: 7574340.6 | N33: 328.22598 | O33: 60.422067 | P33: 60.422067 | Q33: -57.955001 | R33: -17.089295 | S33: -0.40307617 | T33: C | U33: 0.024 | V33: 90 | W33: R-18b | X33: C
A34: 16 | B34: R-19 | C34: R-19 | D34: 1 | E34: 326.90854 | F34: 326.70609 | G34: 4 | H34: MultiLineString ((693376.96487060177605599 7574871.00236042961478233, 693362.01173733605537564 7574889.67055786214768887)) | I34: 0.9 | J34: 0.9 | K34: 0 | L34: 693362.01 | M34: 7574889.7 | N34: 326.90854 | O34: 23.918566 | P34: 23.918566 | Q34: 14.953133 | R34: -18.668197 | S34: -0.20245361 | T34: C | U34: 0.024 | V34: 90 | W34: R-19 | X34: C
A35: 16 | B35: R-19 | C35: R-19 | D35: 0 | E35: 326.90854 | F35: 326.70609 | G35: 4 | H35: MultiLineString ((693376.96487060177605599 7574871.00236042961478233, 693362.01173733605537564 7574889.67055786214768887)) | I35: 0.9 | J35: 0.9 | K35: 0 | L35: 693376.96 | M35: 7574871 | N35: 326.70609 | O35: 23.918566 | P35: 23.918566 | Q35: 14.953133 | R35: -18.668197 | S35: -0.20245361 | T35: C | U35: 0.024 | V35: 90 | W35: R-19 | X35: C
A36: 17 | B36: R-2 | C36: R-2 | D36: 1 | E36: 381.20261 | F36: 379.03842 | G36: 1 | H36: MultiLineString ((687647.90818443091120571 7566198.13171269930899143, 687639.36691419442649931 7566249.71658932324498892)) | I36: 1.5 | J36: 1.5 | K36: 0 | L36: 687639.37 | M36: 7566249.7 | N36: 381.20261 | O36: 52.287214 | P36: 52.287214 | Q36: 8.5412702 | R36: -51.584877 | S36: -2.1641846 | T36: C | U36: 0.024 | V36: 90 | W36: R-2 | X36: C
A37: 17 | B37: R-2 | C37: R-2 | D37: 0 | E37: 381.20261 | F37: 379.03842 | G37: 1 | H37: MultiLineString ((687647.90818443091120571 7566198.13171269930899143, 687639.36691419442649931 7566249.71658932324498892)) | I37: 1.5 | J37: 1.5 | K37: 0 | L37: 687647.91 | M37: 7566198.1 | N37: 379.03842 | O37: 52.287214 | P37: 52.287214 | Q37: 8.5412702 | R37: -51.584877 | S37: -2.1641846 | T37: C | U37: 0.024 | V37: 90 | W37: R-2 | X37: C
A38: 18 | B38: R-20 | C38: R-20 | D38: 1 | E38: 315.327 | F38: 315.01 | G38: 12 | H38: MultiLineString ((694752.0485145403072238 7576884.1145584462210536, 694747.08053479238878936 7576921.1605200907215476)) | I38: 1.5 | J38: 1.5 | K38: 0 | L38: 694747.08 | M38: 7576921.2 | N38: 315.327 | O38: 37.377588 | P38: 37.377588 | Q38: 4.9679797 | R38: -37.045962 | S38: -0.317 | T38: C | U38: 0.024 | V38: 90 | W38: R-20 | X38: C
A39: 18 | B39: R-20 | C39: R-20 | D39: 0 | E39: 315.327 | F39: 315.01 | G39: 12 | H39: MultiLineString ((694752.0485145403072238 7576884.1145584462210536, 694747.08053479238878936 7576921.1605200907215476)) | I39: 1.5 | J39: 1.5 | K39: 0 | L39: 694752.05 | M39: 7576884.1 | N39: 315.01 | O39: 37.377588 | P39: 37.377588 | Q39: 4.9679797 | R39: -37.045962 | S39: -0.317 | T39: C | U39: 0.024 | V39: 90 | W39: R-20 | X39: C
A40: 19 | B40: R-21 | C40: R-21 | D40: 1 | E40: 316.81464 | F40: 316.60001 | G40: 4 | H40: MultiLineString ((695655.97098285146057606 7577759.65050221607089043, 695630.15128690202254802 7577795.31511820387095213)) | I40: 1.5 | J40: 1.5 | K40: 0 | L40: 695630.15 | M40: 7577795.3 | N40: 316.81464 | O40: 44.02978 | P40: 44.02978 | Q40: 25.819696 | R40: -35.664616 | S40: -0.21463013 | T40: C | U40: 0.024 | V40: 90 | W40: R-21 | X40: C
A41: 19 | B41: R-21 | C41: R-21 | D41: 0 | E41: 316.81464 | F41: 316.60001 | G41: 4 | H41: MultiLineString ((695655.97098285146057606 7577759.65050221607089043, 695630.15128690202254802 7577795.31511820387095213)) | I41: 1.5 | J41: 1.5 | K41: 0 | L41: 695655.97 | M41: 7577759.7 | N41: 316.60001 | O41: 44.02978 | P41: 44.02978 | Q41: 25.819696 | R41: -35.664616 | S41: -0.21463013 | T41: C | U41: 0.024 | V41: 90 | W41: R-21 | X41: C
A42: 20 | B42: R-22 | C42: R-22 | D42: 1 | E42: 322.86465 | F42: 322.10684 | G42: 2 | H42: MultiLineString ((696091.00499661697540432 7577899.89417445752769709, 696089.80277840339113027 7577931.24743920471519232)) | I42: 1.2 | J42: 1.2 | K42: 0 | L42: 696089.8 | M42: 7577931.2 | N42: 322.86465 | O42: 31.376305 | P42: 31.376305 | Q42: 1.2022182 | R42: -31.353265 | S42: -0.7578125 | T42: C | U42: 0.024 | V42: 90 | W42: R-22 | X42: C
A43: 20 | B43: R-22 | C43: R-22 | D43: 0 | E43: 322.86465 | F43: 322.10684 | G43: 2 | H43: MultiLineString ((696091.00499661697540432 7577899.89417445752769709, 696089.80277840339113027 7577931.24743920471519232)) | I43: 1.2 | J43: 1.2 | K43: 0 | L43: 696091 | M43: 7577899.9 | N43: 322.10684 | O43: 31.376305 | P43: 31.376305 | Q43: 1.2022182 | R43: -31.353265 | S43: -0.7578125 | T43: C | U43: 0.024 | V43: 90 | W43: R-22 | X43: C
... A63: 30 | B63: R-9 | C63: R-9 | D63: 0 | E63: 354.05548 | F63: 353.73798 | G63: 3 | H63: MultiLineString ((691507.72391469345893711 7569388.57430264540016651, 691479.22176939097698778 7569401.46008582692593336)) | I63: 0.9 | J63: 0.9 | K63: 0 | L63: 691507.72 | M63: 7569388.6 | N63: 353.73798 | O63: 31.279637 | P63: 31.279637 | Q63: 28.502145 | R63: -12.885783 | S63: -0.31750488 | T63: C | U63: 0.024 | V63: 90 | W63: R-9 | X63: C

Sheet 2d_bc
A1: Element | B1: Type | C1: Flags | D1: Name | E1: f | F1: d | G1: td | H1: a | I1: b | J1: Group | K1: Order | L1: X | M1: Y | N1: TUFLOWName | O1: ID | P1: US | Q1: Angle | R1: ShapeWidth | S1: ShapeLength | T1: X. | U1: Y. | AA1: Connection | AB1: CN
A2: {=_xlfn._xlws.FILTER(ROW(B:B),ROW(B:B)<=$AB$13-1)} -> 1 | B2: {=IF(MOD(_xlfn.ANCHORARRAY(A2)+1,4)>=2,External,Connection)} -> SX | C2: {=IF(_xlfn.ANCHORARRAY(A2),Flags)} -> Z | D2: {=_xlfn.ANCHORARRAY(N2)&"_"&IF(_xlfn.ANCHORARRAY(P2),"D","U")} -> R-1_U | E2: {=IF(_xlfn.ANCHORARRAY(A2),f)} -> 0 | F2: {=IF(_xlfn.ANCHORARRAY(A2),d)} -> 0 | G2: {=IF(_xlfn.ANCHORARRAY(A2),td)} -> 0 | H2: {=IF(_xlfn.ANCHORARRAY(A2),a)} -> 0 | I2: {=IF(_xlfn.ANCHORARRAY(A2),b)} -> 0 | J2: {=INT((ROW(_xlfn.ANCHORARRAY(B2))-2)/2)+1} -> 1 | K2: {=MOD((ROW(_xlfn.ANCHORARRAY(A2))-2),2)} -> 0 | L2: {=_xlfn.ANCHORARRAY(T2)+ IF(_xlfn.ANCHORARRAY(K2)>0,1,IF(_xlfn.ANCHORARRAY(B2)=External,1,0))*(COS(_xlfn.ANCHORARRAY($Q2))*_xlfn.ANCHORARRAY($S2)+ IF(_xlfn.ANCHORARRAY($K2)=1,-0.5,0.5)*_xlfn.ANCHORARRAY($R2)*SIN(_xlfn.ANCHORARRAY($Q2)))*IF(_xlfn.ANCHORARRAY(K2)=1,1,IF(_xlfn.ANCHORARRAY(B2)=External,1,0))} -> 687315.24 | M2: {=_xlfn.ANCHORARRAY(U2)+ IF(_xlfn.ANCHORARRAY(K2)>0,1,IF(_xlfn.ANCHORARRAY(B2)=External,1,0))*(SIN(_xlfn.ANCHORARRAY($Q2))*_xlfn.ANCHORARRAY($S2)- IF(_xlfn.ANCHORARRAY($K2)=1,-0.5,0.5)*_xlfn.ANCHORARRAY($R2)*COS(_xlfn.ANCHORARRAY($Q2)))} -> 7565092.3 | N2: {=INDEX(_xlfn.ANCHORARRAY('PointsTidy - master'!W4),INT((_xlfn.ANCHORARRAY(A2)-1)/4)+1)} -> R-1 | O2: {=INDEX(_xlfn.ANCHORARRAY('PointsTidy - master'!B4),INT((_xlfn.ANCHORARRAY(A2)-1)/4)+1)} -> R-1 | P2: {=IF(_xlfn.ANCHORARRAY(A2),IF(MOD(_xlfn.ANCHORARRAY(A2)-1,8)>3,1,0))} -> 0 | Q2: {=AVERAGEIFS(_xlfn.ANCHORARRAY('2d_zsh'!N2),_xlfn.ANCHORARRAY('2d_zsh'!L2),_xlfn.ANCHORARRAY(O2),_xlfn.ANCHORARRAY('2d_zsh'!M2),_xlfn.ANCHORARRAY(P2))} -> -0.42729999 | R2: {=IF(_xlfn.ANCHORARRAY(A2),AVERAGEIFS(_xlfn.ANCHORARRAY('2d_zsh'!AC2),_xlfn.ANCHORARRAY('2d_zsh'!L2),_xlfn.ANCHORARRAY(O2),_xlfn.ANCHORARRAY('2d_zsh'!M2),_xlfn.ANCHORARRAY(P2))*WidthFactor,MinLength)} -> 8.26 | S2: {=IF(_xlfn.ANCHORARRAY(A2),AVERAGEIFS(_xlfn.ANCHORARRAY('2d_zsh'!AD2),_xlfn.ANCHORARRAY('2d_zsh'!L2),_xlfn.ANCHORARRAY(O2),_xlfn.ANCHORARRAY('2d_zsh'!M2),_xlfn.ANCHORARRAY(P2))*LengthFactor)} -> 0.64 | T2: {=SUMIFS(_xlfn.ANCHORARRAY('PointsTidy - master'!L4),_xlfn.ANCHORARRAY('PointsTidy - master'!$B4),_xlfn.ANCHORARRAY(O2),_xlfn.ANCHORARRAY('PointsTidy - master'!$D4),_xlfn.ANCHORARRAY($P2))} -> 687316.37 | U2: {=SUMIFS(_xlfn.ANCHORARRAY('PointsTidy - master'!M4),_xlfn.ANCHORARRAY('PointsTidy - master'!$B4),_xlfn.ANCHORARRAY($O2),_xlfn.ANCHORARRAY('PointsTidy - master'!$D4),_xlfn.ANCHORARRAY($P2))} -> 7565096.4 | AA2: External | AB2: SX
A3: 2 | B3: SX | C3: Z | D3: R-1_U | E3: 0 | F3: 0 | G3: 0 | H3: 0 | I3: 0 | J3: 1 | K3: 1 | L3: 687318.66 | M3: 7565099.9 | N3: R-1 | O3: R-1 | P3: 0 | Q3: -0.42729999 | R3: 8.26 | S3: 0.64 | T3: 687316.37 | U3: 7565096.4 | AA3: Flags | AB3: Z
A4: 3 | B4: CN | C4: Z | D4: R-1_U | E4: 0 | F4: 0 | G4: 0 | H4: 0 | I4: 0 | J4: 2 | K4: 0 | L4: 687316.37 | M4: 7565096.4 | N4: R-1 | O4: R-1 | P4: 0 | Q4: -0.42729999 | R4: 8.26 | S4: 0.64 | T4: 687316.37 | U4: 7565096.4 | AA4: Name | AB4: =""
A5: 4 | B5: CN | C5: Z | D5: R-1_U | E5: 0 | F5: 0 | G5: 0 | H5: 0 | I5: 0 | J5: 2 | K5: 1 | L5: 687318.66 | M5: 7565099.9 | N5: R-1 | O5: R-1 | P5: 0 | Q5: -0.42729999 | R5: 8.26 | S5: 0.64 | T5: 687316.37 | U5: 7565096.4 | AA5: f | AB5: 0
A6: 5 | B6: SX | C6: Z | D6: R-1_D | E6: 0 | F6: 0 | G6: 0 | H6: 0 | I6: 0 | J6: 3 | K6: 0 | L6: 687241.6 | M6: 7565134.9 | N6: R-1 | O6: R-1 | P6: 1 | Q6: 2.7142927 | R6: 8.26 | S6: 0.64 | T6: 687240.47 | U6: 7565130.9 | AA6: d | AB6: 0
A7: 6 | B7: SX | C7: Z | D7: R-1_D | E7: 0 | F7: 0 | G7: 0 | H7: 0 | I7: 0 | J7: 3 | K7: 1 | L7: 687238.18 | M7: 7565127.4 | N7: R-1 | O7: R-1 | P7: 1 | Q7: 2.7142927 | R7: 8.26 | S7: 0.64 | T7: 687240.47 | U7: 7565130.9 | AA7: td | AB7: 0
A8: 7 | B8: CN | C8: Z | D8: R-1_D | E8: 0 | F8: 0 | G8: 0 | H8: 0 | I8: 0 | J8: 4 | K8: 0 | L8: 687240.47 | M8: 7565130.9 | N8: R-1 | O8: R-1 | P8: 1 | Q8: 2.7142927 | R8: 8.26 | S8: 0.64 | T8: 687240.47 | U8: 7565130.9 | AA8: a | AB8: 0
A9: 8 | B9: CN | C9: Z | D9: R-1_D | E9: 0 | F9: 0 | G9: 0 | H9: 0 | I9: 0 | J9: 4 | K9: 1 | L9: 687238.18 | M9: 7565127.4 | N9: R-1 | O9: R-1 | P9: 1 | Q9: 2.7142927 | R9: 8.26 | S9: 0.64 | T9: 687240.47 | U9: 7565130.9 | AA9: b | AB9: 0
A10: 9 | B10: SX | C10: Z | D10: R-10_U | E10: 0 | F10: 0 | G10: 0 | H10: 0 | I10: 0 | J10: 5 | K10: 0 | L10: 691801.07 | M10: 7569980.5 | N10: R-10 | O10: R-10 | P10: 0 | Q10: -0.51764911 | R10: 3.22 | S10: 0.64 | T10: 691801.31 | U10: 7569982.2 | AA10: LengthFactor | AB10: 0.4
A11: 10 | B11: SX | C11: Z | D11: R-10_U | E11: 0 | F11: 0 | G11: 0 | H11: 0 | I11: 0 | J11: 5 | K11: 1 | L11: 691802.66 | M11: 7569983.3 | N11: R-10 | O11: R-10 | P11: 0 | Q11: -0.51764911 | R11: 3.22 | S11: 0.64 | T11: 691801.31 | U11: 7569982.2 | AA11: WidthFactor | AB11: 0.7
A12: 11 | B12: CN | C12: Z | D12: R-10_U | E12: 0 | F12: 0 | G12: 0 | H12: 0 | I12: 0 | J12: 6 | K12: 0 | L12: 691801.31 | M12: 7569982.2 | N12: R-10 | O12: R-10 | P12: 0 | Q12: -0.51764911 | R12: 3.22 | S12: 0.64 | T12: 691801.31 | U12: 7569982.2 | AA12: ID_Count | AB12: =COUNTA(_xlfn.UNIQUE(_xlfn.ANCHORARRAY('PointsTidy - master'!B4)))*2 -> 60
A13: 12 | B13: CN | C13: Z | D13: R-10_U | E13: 0 | F13: 0 | G13: 0 | H13: 0 | I13: 0 | J13: 6 | K13: 1 | L13: 691802.66 | M13: 7569983.3 | N13: R-10 | O13: R-10 | P13: 0 | Q13: -0.51764911 | R13: 3.22 | S13: 0.64 | T13: 691801.31 | U13: 7569982.2 | AA13: Expected row | AB13: =AB12*4+1 -> 241
A14: 13 | B14: SX | C14: Z | D14: R-10_D | E14: 0 | F14: 0 | G14: 0 | H14: 0 | I14: 0 | J14: 7 | K14: 0 | L14: 691774.8 | M14: 7569999.2 | N14: R-10 | O14: R-10 | P14: 1 | Q14: 2.6239435 | R14: 3.22 | S14: 0.64 | T14: 691774.56 | U14: 7569997.5 | AA14: Cellsize | AB14: 1
A15: 14 | B15: SX | C15: Z | D15: R-10_D | E15: 0 | F15: 0 | G15: 0 | H15: 0 | I15: 0 | J15: 7 | K15: 1 | L15: 691773.21 | M15: 7569996.4 | N15: R-10 | O15: R-10 | P15: 1 | Q15: 2.6239435 | R15: 3.22 | S15: 0.64 | T15: 691774.56 | U15: 7569997.5 | AA15: MinLength | AB15: 1.42
A16: 15 | B16: CN | C16: Z | D16: R-10_D | E16: 0 | F16: 0 | G16: 0 | H16: 0 | I16: 0 | J16: 8 | K16: 0 | L16: 691774.56 | M16: 7569997.5 | N16: R-10 | O16: R-10 | P16: 1 | Q16: 2.6239435 | R16: 3.22 | S16: 0.64 | T16: 691774.56 | U16: 7569997.5
A17: 16 | B17: CN | C17: Z | D17: R-10_D | E17: 0 | F17: 0 | G17: 0 | H17: 0 | I17: 0 | J17: 8 | K17: 1 | L17: 691773.21 | M17: 7569996.4 | N17: R-10 | O17: R-10 | P17: 1 | Q17: 2.6239435 | R17: 3.22 | S17: 0.64 | T17: 691774.56 | U17: 7569997.5 | AA17: ='PointsTidy - master'!C1 -> DUPLICATES
A18: 17 | B18: SX | C18: Z | D18: R-10b_U | E18: 0 | F18: 0 | G18: 0 | H18: 0 | I18: 0 | J18: 9 | K18: 0 | L18: 691743.26 | M18: 7569819.7 | N18: R-10b | O18: R-10b | P18: 0 | Q18: -0.10660538 | R18: 3.22 | S18: 0.64 | T18: 691742.79 | U18: 7569821.4
A19: 18 | B19: SX | C19: Z | D19: R-10b_U | E19: 0 | F19: 0 | G19: 0 | H19: 0 | I19: 0 | J19: 9 | K19: 1 | L19: 691743.6 | M19: 7569822.9 | N19: R-10b | O19: R-10b | P19: 0 | Q19: -0.10660538 | R19: 3.22 | S19: 0.64 | T19: 691742.79 | U19: 7569821.4
A20: 19 | B20: CN | C20: Z | D20: R-10b_U | E20: 0 | F20: 0 | G20: 0 | H20: 0 | I20: 0 | J20: 10 | K20: 0 | L20: 691742.79 | M20: 7569821.4 | N20: R-10b | O20: R-10b | P20: 0 | Q20: -0.10660538 | R20: 3.22 | S20: 0.64 | T20: 691742.79 | U20: 7569821.4
A21: 20 | B21: CN | C21: Z | D21: R-10b_U | E21: 0 | F21: 0 | G21: 0 | H21: 0 | I21: 0 | J21: 10 | K21: 1 | L21: 691743.6 | M21: 7569822.9 | N21: R-10b | O21: R-10b | P21: 0 | Q21: -0.10660538 | R21: 3.22 | S21: 0.64 | T21: 691742.79 | U21: 7569821.4
A22: 21 | B22: SX | C22: Z | D22: R-10b_D | E22: 0 | F22: 0 | G22: 0 | H22: 0 | I22: 0 | J22: 11 | K22: 0 | L22: 691717.16 | M22: 7569825.7 | N22: R-10b | O22: R-10b | P22: 1 | Q22: 3.0349873 | R22: 3.22 | S22: 0.64 | T22: 691717.63 | U22: 7569824.1
A23: 22 | B23: SX | C23: Z | D23: R-10b_D | E23: 0 | F23: 0 | G23: 0 | H23: 0 | I23: 0 | J23: 11 | K23: 1 | L23: 691716.82 | M23: 7569822.5 | N23: R-10b | O23: R-10b | P23: 1 | Q23: 3.0349873 | R23: 3.22 | S23: 0.64 | T23: 691717.63 | U23: 7569824.1
A24: 23 | B24: CN | C24: Z | D24: R-10b_D | E24: 0 | F24: 0 | G24: 0 | H24: 0 | I24: 0 | J24: 12 | K24: 0 | L24: 691717.63 | M24: 7569824.1 | N24: R-10b | O24: R-10b | P24: 1 | Q24: 3.0349873 | R24: 3.22 | S24: 0.64 | T24: 691717.63 | U24: 7569824.1
A25: 24 | B25: CN | C25: Z | D25: R-10b_D | E25: 0 | F25: 0 | G25: 0 | H25: 0 | I25: 0 | J25: 12 | K25: 1 | L25: 691716.82 | M25: 7569822.5 | N25: R-10b | O25: R-10b | P25: 1 | Q25: 3.0349873 | R25: 3.22 | S25: 0.64 | T25: 691717.63 | U25: 7569824.1
A26: 25 | B26: SX | C26: Z | D26: R-10c_U | E26: 0 | F26: 0 | G26: 0 | H26: 0 | I26: 0 | J26: 13 | K26: 0 | L26: 691654.46 | M26: 7569629.8 | N26: R-10c | O26: R-10c | P26: 0 | Q26: -0.73960809 | R26: 1.708 | S26: 0.64 | T26: 691654.56 | U26: 7569630.9
A27: 26 | B27: SX | C27: Z | D27: R-10c_U | E27: 0 | F27: 0 | G27: 0 | H27: 0 | I27: 0 | J27: 13 | K27: 1 | L27: 691655.61 | M27: 7569631.1 | N27: R-10c | O27: R-10c | P27: 0 | Q27: -0.73960809 | R27: 1.708 | S27: 0.64 | T27: 691654.56 | U27: 7569630.9
A28: 27 | B28: CN | C28: Z | D28: R-10c_U | E28: 0 | F28: 0 | G28: 0 | H28: 0 | I28: 0 | J28: 14 | K28: 0 | L28: 691654.56 | M28: 7569630.9 | N28: R-10c | O28: R-10c | P28: 0 | Q28: -0.73960809 | R28: 1.708 | S28: 0.64 | T28: 691654.56 | U28: 7569630.9
A29: 28 | B29: CN | C29: Z | D29: R-10c_U | E29: 0 | F29: 0 | G29: 0 | H29: 0 | I29: 0 | J29: 14 | K29: 1 | L29: 691655.61 | M29: 7569631.1 | N29: R-10c | O29: R-10c | P29: 0 | Q29: -0.73960809 | R29: 1.708 | S29: 0.64 | T29: 691654.56 | U29: 7569630.9
... A241: 240 | B241: CN | C241: Z | D241: R-9_D | E241: 0 | F241: 0 | G241: 0 | H241: 0 | I241: 0 | J241: 120 | K241: 1 | L241: 691477.87 | M241: 7569400 | N241: R-9 | O241: R-9 | P241: 1 | Q241: 2.7169948 | R241: 3.724 | S241: 0.64 | T241: 691479.22 | U241: 7569401.5

Sheet 2d_zsh
A1: Element | B1: Order | C1: Group | D1: X | E1: Y | F1: Z | G1: dZ | H1: Shape_widt | I1: Shape_Opti | J1: GroupID | K1: TUFLOWName | L1: CulvertGroup | M1: US_DS | N1: UseAngle | O1: Angle | P1: TanAngle | Q1: SkewAngle | R1: Xuse | S1: Yuse | T1: Zuse | U1: X0 | V1: Y0 | W1: Z0 | X1: X1 | Y1: Y1 | Z1: Z1 | AA1: Number_of | AB1: Diameter | AC1: ShapeWidth | AD1: ShapeLength | AE1: RawWidth | AG1: item | AH1: parameter
A2: {=_xlfn._xlws.FILTER(ROW(B:B),ROW(B:B)<=AH12-1)} -> 1 | B2: {=MOD((ROW(_xlfn.ANCHORARRAY(A2))-2),4)} -> 0 | C2: {=INT((ROW(_xlfn.ANCHORARRAY(B2))-2)/4)} -> 0 | D2: {=_xlfn.ANCHORARRAY(R2) - COS(_xlfn.ANCHORARRAY(N2))*_xlfn.ANCHORARRAY(AD2)*PaddingFactor +_xlfn.ANCHORARRAY( AC2)/2*SIN(_xlfn.ANCHORARRAY(N2))*(1-2*_xlfn.BYROW(_xlfn.ANCHORARRAY(B2),_xlfn.LAMBDA(_xlpm.q,OR(_xlpm.q=2,_xlpm.q=3)))) +_xlfn.BYROW(_xlfn.ANCHORARRAY(B2),_xlfn.LAMBDA(_xlpm.q,OR(_xlpm.q=1,_xlpm.q=2)))*COS(_xlfn.ANCHORARRAY(N2))*_xlfn.ANCHORARRAY(AD2)} -> 687313.49 | E2: {=_xlfn.ANCHORARRAY(S2)-SIN(_xlfn.ANCHORARRAY(N2))*_xlfn.ANCHORARRAY(AD2)*PaddingFactor-_xlfn.ANCHORARRAY( AC2)/2*COS(_xlfn.ANCHORARRAY(N2))*(1-2*_xlfn.BYROW(_xlfn.ANCHORARRAY(B2),_xlfn.LAMBDA(_xlpm.q,OR(_xlpm.q=2,_xlpm.q=3))))+ _xlfn.BYROW(_xlfn.ANCHORARRAY(B2),_xlfn.LAMBDA(_xlpm.q,OR(_xlpm.q=1,_xlpm.q=2)))*SIN(_xlfn.ANCHORARRAY(N2))*_xlfn.ANCHORARRAY(AD2)} -> 7565091.2 | F2: {=_xlfn.ANCHORARRAY(T2)+Z_shift} -> 398.22245 | G2: {=IF(_xlfn.ANCHORARRAY(A2),dZ)} -> 0 | H2: {=IF(_xlfn.ANCHORARRAY(A2),Shape_width_or_dMax)} -> 0 | I2: {=IF(_xlfn.ANCHORARRAY(A2),Shape_Options)} -> MIN NO MERGE | J2: {=INT((ROW(_xlfn.ANCHORARRAY(B2))-2)/8)+1} -> 1 | K2: {=INDEX(_xlfn.ANCHORARRAY('PointsTidy - master'!W4),MATCH(_xlfn.ANCHORARRAY(J2),_xlfn.ANCHORARRAY('PointsTidy - master'!A4),0))} -> R-1 | L2: {=VLOOKUP(_xlfn.ANCHORARRAY(J2),'PointsTidy - master'!A:B,2,0)} -> R-1 | M2: {=INT(MOD((ROW(_xlfn.ANCHORARRAY(B2))-2),8)/4)} -> 0 | N2: {=_xlfn.ANCHORARRAY(O2)+_xlfn.ANCHORARRAY(Q2)-PI()/2} -> -0.42729999 | O2: {=MOD(_xlfn.ANCHORARRAY(P2)+NOT(_xlfn.ANCHORARRAY(M2))*PI()+PI(),2*PI())-PI()} -> -0.42729999 | P2: {=MOD(IFERROR(ATAN((_xlfn.ANCHORARRAY(Y2)-_xlfn.ANCHORARRAY(V2))/(_xlfn.ANCHORARRAY(X2)-_xlfn.ANCHORARRAY(U2)))-(_xlfn.ANCHORARRAY(X2)-_xlfn.ANCHORARRAY(U2)<0)*PI(),PI()/2)+PI(),2*PI())-PI()} -> 2.7142927 | Q2: {=IF(_xlfn.ANCHORARRAY(A2),RADIANS(INDEX(_xlfn.ANCHORARRAY('PointsTidy - master'!V4),MATCH(_xlfn.ANCHORARRAY(L2),_xlfn.ANCHORARRAY('PointsTidy - master'!B4),0))))} -> 1.5707963 | R2: {=NOT(_xlfn.ANCHORARRAY($M2))*_xlfn.ANCHORARRAY(U2)+_xlfn.ANCHORARRAY($M2)*_xlfn.ANCHORARRAY(X2)} -> 687316.37 | S2: {=NOT(_xlfn.ANCHORARRAY($M2))*_xlfn.ANCHORARRAY(V2)+_xlfn.ANCHORARRAY($M2)*_xlfn.ANCHORARRAY(Y2)} -> 7565096.4 | T2: {=NOT(_xlfn.ANCHORARRAY($M2))*_xlfn.ANCHORARRAY(W2)+_xlfn.ANCHORARRAY($M2)*_xlfn.ANCHORARRAY(Z2)} -> 398.32245 | U2: {=SUMIFS(_xlfn.ANCHORARRAY('PointsTidy - master'!L4),_xlfn.ANCHORARRAY('PointsTidy - master'!$B4),_xlfn.ANCHORARRAY(L2),_xlfn.ANCHORARRAY('PointsTidy - master'!$D4),0)} -> 687316.37 | V2: {=SUMIFS(_xlfn.ANCHORARRAY('PointsTidy - master'!M4),_xlfn.ANCHORARRAY('PointsTidy - master'!$B4),_xlfn.ANCHORARRAY(L2),_xlfn.ANCHORARRAY('PointsTidy - master'!$D4),0)} -> 7565096.4 | W2: {=IF(_xlfn.ANCHORARRAY($A2),INDEX(_xlfn.ANCHORARRAY('PointsTidy - master'!E4),MATCH(_xlfn.ANCHORARRAY($L2),_xlfn.ANCHORARRAY('PointsTidy - master'!$B4))))} -> 398.32245 | X2: {=SUMIFS(_xlfn.ANCHORARRAY('PointsTidy - master'!L4),_xlfn.ANCHORARRAY('PointsTidy - master'!$B4),_xlfn.ANCHORARRAY(L2),_xlfn.ANCHORARRAY('PointsTidy - master'!$D4),1)} -> 687240.47 | Y2: {=SUMIFS(_xlfn.ANCHORARRAY('PointsTidy - master'!M4),_xlfn.ANCHORARRAY('PointsTidy - master'!$B4),_xlfn.ANCHORARRAY(L2),_xlfn.ANCHORARRAY('PointsTidy - master'!$D4),1)} -> 7565130.9 | Z2: {=IF(_xlfn.ANCHORARRAY($A2),INDEX(_xlfn.ANCHORARRAY('PointsTidy - master'!F4),MATCH(_xlfn.ANCHORARRAY($L2),_xlfn.ANCHORARRAY('PointsTidy - master'!$B4))))} -> 395.86798 | AA2: {=IF(_xlfn.ANCHORARRAY($A2),INDEX(_xlfn.ANCHORARRAY('PointsTidy - master'!G4),MATCH(_xlfn.ANCHORARRAY($L2),_xlfn.ANCHORARRAY('PointsTidy - master'!$B4))))} -> 5 | AB2: {=IF(_xlfn.ANCHORARRAY($A2),INDEX(_xlfn.ANCHORARRAY('PointsTidy - master'!J4),MATCH(_xlfn.ANCHORARRAY($L2),_xlfn.ANCHORARRAY('PointsTidy - master'!$B4))))} -> 1.5 | AC2: {=IF(_xlfn.ANCHORARRAY(AE2)>max_width,max_width,IF(_xlfn.ANCHORARRAY(AE2)<min_width,min_width,_xlfn.ANCHORARRAY(AE2)))} -> 11.8 | AD2: {=grid_size*grid_factor*SIGN(_xlfn.ANCHORARRAY(AA2))} -> 1.6 | AE2: {=_xlfn.ANCHORARRAY($AA$2)*(_xlfn.ANCHORARRAY($AB$2)+PipeSpacing)*pipe_factor+PipeEnds} -> 11.8 | AG2: grid size | AH2: ='2d_bc'!AB14 -> 1
A3: 2 | B3: 1 | C3: 0 | D3: 687314.94 | E3: 7565090.5 | F3: 398.22245 | G3: 0 | H3: 0 | I3: MIN NO MERGE | J3: 1 | K3: R-1 | L3: R-1 | M3: 0 | N3: -0.42729999 | O3: -0.42729999 | P3: 2.7142927 | Q3: 1.5707963 | R3: 687316.37 | S3: 7565096.4 | T3: 398.32245 | U3: 687316.37 | V3: 7565096.4 | W3: 398.32245 | X3: 687240.47 | Y3: 7565130.9 | Z3: 395.86798 | AA3: 5 | AB3: 1.5 | AC3: 11.8 | AD3: 1.6 | AE3: 11.8 | AG3: grid factor | AH3: 1.6
A4: 3 | B4: 2 | C4: 0 | D4: 687319.83 | E4: 7565101.3 | F4: 398.22245 | G4: 0 | H4: 0 | I4: MIN NO MERGE | J4: 1 | K4: R-1 | L4: R-1 | M4: 0 | N4: -0.42729999 | O4: -0.42729999 | P4: 2.7142927 | Q4: 1.5707963 | R4: 687316.37 | S4: 7565096.4 | T4: 398.32245 | U4: 687316.37 | V4: 7565096.4 | W4: 398.32245 | X4: 687240.47 | Y4: 7565130.9 | Z4: 395.86798 | AA4: 5 | AB4: 1.5 | AC4: 11.8 | AD4: 1.6 | AE4: 11.8 | AG4: pipe factor | AH4: 1.2
A5: 4 | B5: 3 | C5: 0 | D5: 687318.38 | E5: 7565101.9 | F5: 398.22245 | G5: 0 | H5: 0 | I5: MIN NO MERGE | J5: 1 | K5: R-1 | L5: R-1 | M5: 0 | N5: -0.42729999 | O5: -0.42729999 | P5: 2.7142927 | Q5: 1.5707963 | R5: 687316.37 | S5: 7565096.4 | T5: 398.32245 | U5: 687316.37 | V5: 7565096.4 | W5: 398.32245 | X5: 687240.47 | Y5: 7565130.9 | Z5: 395.86798 | AA5: 5 | AB5: 1.5 | AC5: 11.8 | AD5: 1.6 | AE5: 11.8 | AG5: max width | AH5: 200
A6: 5 | B6: 0 | C6: 1 | D6: 687243.35 | E6: 7565136.1 | F6: 395.76798 | G6: 0 | H6: 0 | I6: MIN NO MERGE | J6: 1 | K6: R-1 | L6: R-1 | M6: 1 | N6: 2.7142927 | O6: 2.7142927 | P6: 2.7142927 | Q6: 1.5707963 | R6: 687240.47 | S6: 7565130.9 | T6: 395.86798 | U6: 687316.37 | V6: 7565096.4 | W6: 398.32245 | X6: 687240.47 | Y6: 7565130.9 | Z6: 395.86798 | AA6: 5 | AB6: 1.5 | AC6: 11.8 | AD6: 1.6 | AE6: 11.8 | AG6: min width | AH6: =grid_size*grid_factor -> 1.6
A7: 6 | B7: 1 | C7: 1 | D7: 687241.9 | E7: 7565136.8 | F7: 395.76798 | G7: 0 | H7: 0 | I7: MIN NO MERGE | J7: 1 | K7: R-1 | L7: R-1 | M7: 1 | N7: 2.7142927 | O7: 2.7142927 | P7: 2.7142927 | Q7: 1.5707963 | R7: 687240.47 | S7: 7565130.9 | T7: 395.86798 | U7: 687316.37 | V7: 7565096.4 | W7: 398.32245 | X7: 687240.47 | Y7: 7565130.9 | Z7: 395.86798 | AA7: 5 | AB7: 1.5 | AC7: 11.8 | AD7: 1.6 | AE7: 11.8 | AG7: Z_shift | AH7: -0.1
A8: 7 | B8: 2 | C8: 1 | D8: 687237.01 | E8: 7565126 | F8: 395.76798 | G8: 0 | H8: 0 | I8: MIN NO MERGE | J8: 1 | K8: R-1 | L8: R-1 | M8: 1 | N8: 2.7142927 | O8: 2.7142927 | P8: 2.7142927 | Q8: 1.5707963 | R8: 687240.47 | S8: 7565130.9 | T8: 395.86798 | U8: 687316.37 | V8: 7565096.4 | W8: 398.32245 | X8: 687240.47 | Y8: 7565130.9 | Z8: 395.86798 | AA8: 5 | AB8: 1.5 | AC8: 11.8 | AD8: 1.6 | AE8: 11.8 | AG8: dZ | AH8: 0
A9: 8 | B9: 3 | C9: 1 | D9: 687238.46 | E9: 7565125.3 | F9: 395.76798 | G9: 0 | H9: 0 | I9: MIN NO MERGE | J9: 1 | K9: R-1 | L9: R-1 | M9: 1 | N9: 2.7142927 | O9: 2.7142927 | P9: 2.7142927 | Q9: 1.5707963 | R9: 687240.47 | S9: 7565130.9 | T9: 395.86798 | U9: 687316.37 | V9: 7565096.4 | W9: 398.32245 | X9: 687240.47 | Y9: 7565130.9 | Z9: 395.86798 | AA9: 5 | AB9: 1.5 | AC9: 11.8 | AD9: 1.6 | AE9: 11.8 | AG9: Shape_width_or_dMax | AH9: 0
A10: 9 | B10: 0 | C10: 2 | D10: 691799.75 | E10: 7569980.5 | F10: 349.88645 | G10: 0 | H10: 0 | I10: MIN NO MERGE | J10: 2 | K10: R-10 | L10: R-10 | M10: 0 | N10: -0.51764911 | O10: -0.51764911 | P10: 2.6239435 | Q10: 1.5707963 | R10: 691801.31 | S10: 7569982.2 | T10: 349.98645 | U10: 691801.31 | V10: 7569982.2 | W10: 349.98645 | X10: 691774.56 | Y10: 7569997.5 | Z10: 349.86862 | AA10: 2 | AB10: 1.2 | AC10: 4.6 | AD10: 1.6 | AE10: 4.6 | AG10: Shape_Options | AH10: MIN NO MERGE
A11: 10 | B11: 1 | C11: 2 | D11: 691801.14 | E11: 7569979.7 | F11: 349.88645 | G11: 0 | H11: 0 | I11: MIN NO MERGE | J11: 2 | K11: R-10 | L11: R-10 | M11: 0 | N11: -0.51764911 | O11: -0.51764911 | P11: 2.6239435 | Q11: 1.5707963 | R11: 691801.31 | S11: 7569982.2 | T11: 349.98645 | U11: 691801.31 | V11: 7569982.2 | W11: 349.98645 | X11: 691774.56 | Y11: 7569997.5 | Z11: 349.86862 | AA11: 2 | AB11: 1.2 | AC11: 4.6 | AD11: 1.6 | AE11: 4.6 | AG11: PaddingFactor | AH11: 0.3
A12: 11 | B12: 2 | C12: 2 | D12: 691803.42 | E12: 7569983.7 | F12: 349.88645 | G12: 0 | H12: 0 | I12: MIN NO MERGE | J12: 2 | K12: R-10 | L12: R-10 | M12: 0 | N12: -0.51764911 | O12: -0.51764911 | P12: 2.6239435 | Q12: 1.5707963 | R12: 691801.31 | S12: 7569982.2 | T12: 349.98645 | U12: 691801.31 | V12: 7569982.2 | W12: 349.98645 | X12: 691774.56 | Y12: 7569997.5 | Z12: 349.86862 | AA12: 2 | AB12: 1.2 | AC12: 4.6 | AD12: 1.6 | AE12: 4.6 | AG12: ExpectedRows | AH12: =(COUNTA(_xlfn.UNIQUE(_xlfn.ANCHORARRAY('PointsTidy - master'!B4))))*2*4+1 -> 241
A13: 12 | B13: 3 | C13: 2 | D13: 691802.03 | E13: 7569984.5 | F13: 349.88645 | G13: 0 | H13: 0 | I13: MIN NO MERGE | J13: 2 | K13: R-10 | L13: R-10 | M13: 0 | N13: -0.51764911 | O13: -0.51764911 | P13: 2.6239435 | Q13: 1.5707963 | R13: 691801.31 | S13: 7569982.2 | T13: 349.98645 | U13: 691801.31 | V13: 7569982.2 | W13: 349.98645 | X13: 691774.56 | Y13: 7569997.5 | Z13: 349.86862 | AA13: 2 | AB13: 1.2 | AC13: 4.6 | AD13: 1.6 | AE13: 4.6 | AG13: PipeSpacing | AH13: 0.3
A14: 13 | B14: 0 | C14: 3 | D14: 691776.11 | E14: 7569999.2 | F14: 349.76862 | G14: 0 | H14: 0 | I14: MIN NO MERGE | J14: 2 | K14: R-10 | L14: R-10 | M14: 1 | N14: 2.6239435 | O14: 2.6239435 | P14: 2.6239435 | Q14: 1.5707963 | R14: 691774.56 | S14: 7569997.5 | T14: 349.86862 | U14: 691801.31 | V14: 7569982.2 | W14: 349.98645 | X14: 691774.56 | Y14: 7569997.5 | Z14: 349.86862 | AA14: 2 | AB14: 1.2 | AC14: 4.6 | AD14: 1.6 | AE14: 4.6 | AG14: PipeEnds | AH14: 1
A15: 14 | B15: 1 | C15: 3 | D15: 691774.72 | E15: 7570000 | F15: 349.76862 | G15: 0 | H15: 0 | I15: MIN NO MERGE | J15: 2 | K15: R-10 | L15: R-10 | M15: 1 | N15: 2.6239435 | O15: 2.6239435 | P15: 2.6239435 | Q15: 1.5707963 | R15: 691774.56 | S15: 7569997.5 | T15: 349.86862 | U15: 691801.31 | V15: 7569982.2 | W15: 349.98645 | X15: 691774.56 | Y15: 7569997.5 | Z15: 349.86862 | AA15: 2 | AB15: 1.2 | AC15: 4.6 | AD15: 1.6 | AE15: 4.6
A16: 15 | B16: 2 | C16: 3 | D16: 691772.45 | E16: 7569996 | F16: 349.76862 | G16: 0 | H16: 0 | I16: MIN NO MERGE | J16: 2 | K16: R-10 | L16: R-10 | M16: 1 | N16: 2.6239435 | O16: 2.6239435 | P16: 2.6239435 | Q16: 1.5707963 | R16: 691774.56 | S16: 7569997.5 | T16: 349.86862 | U16: 691801.31 | V16: 7569982.2 | W16: 349.98645 | X16: 691774.56 | Y16: 7569997.5 | Z16: 349.86862 | AA16: 2 | AB16: 1.2 | AC16: 4.6 | AD16: 1.6 | AE16: 4.6
A17: 16 | B17: 3 | C17: 3 | D17: 691773.84 | E17: 7569995.2 | F17: 349.76862 | G17: 0 | H17: 0 | I17: MIN NO MERGE | J17: 2 | K17: R-10 | L17: R-10 | M17: 1 | N17: 2.6239435 | O17: 2.6239435 | P17: 2.6239435 | Q17: 1.5707963 | R17: 691774.56 | S17: 7569997.5 | T17: 349.86862 | U17: 691801.31 | V17: 7569982.2 | W17: 349.98645 | X17: 691774.56 | Y17: 7569997.5 | Z17: 349.86862 | AA17: 2 | AB17: 1.2 | AC17: 4.6 | AD17: 1.6 | AE17: 4.6
A18: 17 | B18: 0 | C18: 4 | D18: 691742.07 | E18: 7569819.1 | F18: 351.46097 | G18: 0 | H18: 0 | I18: MIN NO MERGE | J18: 3 | K18: R-10b | L18: R-10b | M18: 0 | N18: -0.10660538 | O18: -0.10660538 | P18: 3.0349873 | Q18: 1.5707963 | R18: 691742.79 | S18: 7569821.4 | T18: 351.56097 | U18: 691742.79 | V18: 7569821.4 | W18: 351.56097 | X18: 691717.63 | Y18: 7569824.1 | Z18: 351.14426 | AA18: 2 | AB18: 1.2 | AC18: 4.6 | AD18: 1.6 | AE18: 4.6 | AG18: ='PointsTidy - master'!C1 -> DUPLICATES
A19: 18 | B19: 1 | C19: 4 | D19: 691743.66 | E19: 7569819 | F19: 351.46097 | G19: 0 | H19: 0 | I19: MIN NO MERGE | J19: 3 | K19: R-10b | L19: R-10b | M19: 0 | N19: -0.10660538 | O19: -0.10660538 | P19: 3.0349873 | Q19: 1.5707963 | R19: 691742.79 | S19: 7569821.4 | T19: 351.56097 | U19: 691742.79 | V19: 7569821.4 | W19: 351.56097 | X19: 691717.63 | Y19: 7569824.1 | Z19: 351.14426 | AA19: 2 | AB19: 1.2 | AC19: 4.6 | AD19: 1.6 | AE19: 4.6
A20: 19 | B20: 2 | C20: 4 | D20: 691744.15 | E20: 7569823.5 | F20: 351.46097 | G20: 0 | H20: 0 | I20: MIN NO MERGE | J20: 3 | K20: R-10b | L20: R-10b | M20: 0 | N20: -0.10660538 | O20: -0.10660538 | P20: 3.0349873 | Q20: 1.5707963 | R20: 691742.79 | S20: 7569821.4 | T20: 351.56097 | U20: 691742.79 | V20: 7569821.4 | W20: 351.56097 | X20: 691717.63 | Y20: 7569824.1 | Z20: 351.14426 | AA20: 2 | AB20: 1.2 | AC20: 4.6 | AD20: 1.6 | AE20: 4.6
A21: 20 | B21: 3 | C21: 4 | D21: 691742.56 | E21: 7569823.7 | F21: 351.46097 | G21: 0 | H21: 0 | I21: MIN NO MERGE | J21: 3 | K21: R-10b | L21: R-10b | M21: 0 | N21: -0.10660538 | O21: -0.10660538 | P21: 3.0349873 | Q21: 1.5707963 | R21: 691742.79 | S21: 7569821.4 | T21: 351.56097 | U21: 691742.79 | V21: 7569821.4 | W21: 351.56097 | X21: 691717.63 | Y21: 7569824.1 | Z21: 351.14426 | AA21: 2 | AB21: 1.2 | AC21: 4.6 | AD21: 1.6 | AE21: 4.6
A22: 21 | B22: 0 | C22: 5 | D22: 691718.35 | E22: 7569826.3 | F22: 351.04426 | G22: 0 | H22: 0 | I22: MIN NO MERGE | J22: 3 | K22: R-10b | L22: R-10b | M22: 1 | N22: 3.0349873 | O22: 3.0349873 | P22: 3.0349873 | Q22: 1.5707963 | R22: 691717.63 | S22: 7569824.1 | T22: 351.14426 | U22: 691742.79 | V22: 7569821.4 | W22: 351.56097 | X22: 691717.63 | Y22: 7569824.1 | Z22: 351.14426 | AA22: 2 | AB22: 1.2 | AC22: 4.6 | AD22: 1.6 | AE22: 4.6
A23: 22 | B23: 1 | C23: 5 | D23: 691716.76 | E23: 7569826.5 | F23: 351.04426 | G23: 0 | H23: 0 | I23: MIN NO MERGE | J23: 3 | K23: R-10b | L23: R-10b | M23: 1 | N23: 3.0349873 | O23: 3.0349873 | P23: 3.0349873 | Q23: 1.5707963 | R23: 691717.63 | S23: 7569824.1 | T23: 351.14426 | U23: 691742.79 | V23: 7569821.4 | W23: 351.56097 | X23: 691717.63 | Y23: 7569824.1 | Z23: 351.14426 | AA23: 2 | AB23: 1.2 | AC23: 4.6 | AD23: 1.6 | AE23: 4.6
A24: 23 | B24: 2 | C24: 5 | D24: 691716.27 | E24: 7569821.9 | F24: 351.04426 | G24: 0 | H24: 0 | I24: MIN NO MERGE | J24: 3 | K24: R-10b | L24: R-10b | M24: 1 | N24: 3.0349873 | O24: 3.0349873 | P24: 3.0349873 | Q24: 1.5707963 | R24: 691717.63 | S24: 7569824.1 | T24: 351.14426 | U24: 691742.79 | V24: 7569821.4 | W24: 351.56097 | X24: 691717.63 | Y24: 7569824.1 | Z24: 351.14426 | AA24: 2 | AB24: 1.2 | AC24: 4.6 | AD24: 1.6 | AE24: 4.6
A25: 24 | B25: 3 | C25: 5 | D25: 691717.86 | E25: 7569821.7 | F25: 351.04426 | G25: 0 | H25: 0 | I25: MIN NO MERGE | J25: 3 | K25: R-10b | L25: R-10b | M25: 1 | N25: 3.0349873 | O25: 3.0349873 | P25: 3.0349873 | Q25: 1.5707963 | R25: 691717.63 | S25: 7569824.1 | T25: 351.14426 | U25: 691742.79 | V25: 7569821.4 | W25: 351.56097 | X25: 691717.63 | Y25: 7569824.1 | Z25: 351.14426 | AA25: 2 | AB25: 1.2 | AC25: 4.6 | AD25: 1.6 | AE25: 4.6
A26: 25 | B26: 0 | C26: 6 | D26: 691653.38 | E26: 7569630.3 | F26: 352.99366 | G26: 0 | H26: 0 | I26: MIN NO MERGE | J26: 4 | K26: R-10c | L26: R-10c | M26: 0 | N26: -0.73960809 | O26: -0.73960809 | P26: 2.4019846 | Q26: 1.5707963 | R26: 691654.56 | S26: 7569630.9 | T26: 353.09366 | U26: 691654.56 | V26: 7569630.9 | W26: 353.09366 | X26: 691636.54 | Y26: 7569647.3 | Z26: 352.65433 | AA26: 1 | AB26: 0.9 | AC26: 2.44 | AD26: 1.6 | AE26: 2.44
A27: 26 | B27: 1 | C27: 6 | D27: 691654.57 | E27: 7569629.2 | F27: 352.99366 | G27: 0 | H27: 0 | I27: MIN NO MERGE | J27: 4 | K27: R-10c | L27: R-10c | M27: 0 | N27: -0.73960809 | O27: -0.73960809 | P27: 2.4019846 | Q27: 1.5707963 | R27: 691654.56 | S27: 7569630.9 | T27: 353.09366 | U27: 691654.56 | V27: 7569630.9 | W27: 353.09366 | X27: 691636.54 | Y27: 7569647.3 | Z27: 352.65433 | AA27: 1 | AB27: 0.9 | AC27: 2.44 | AD27: 1.6 | AE27: 2.44
A28: 27 | B28: 2 | C28: 6 | D28: 691656.21 | E28: 7569631 | F28: 352.99366 | G28: 0 | H28: 0 | I28: MIN NO MERGE | J28: 4 | K28: R-10c | L28: R-10c | M28: 0 | N28: -0.73960809 | O28: -0.73960809 | P28: 2.4019846 | Q28: 1.5707963 | R28: 691654.56 | S28: 7569630.9 | T28: 353.09366 | U28: 691654.56 | V28: 7569630.9 | W28: 353.09366 | X28: 691636.54 | Y28: 7569647.3 | Z28: 352.65433 | AA28: 1 | AB28: 0.9 | AC28: 2.44 | AD28: 1.6 | AE28: 2.44
A29: 28 | B29: 3 | C29: 6 | D29: 691655.03 | E29: 7569632.1 | F29: 352.99366 | G29: 0 | H29: 0 | I29: MIN NO MERGE | J29: 4 | K29: R-10c | L29: R-10c | M29: 0 | N29: -0.73960809 | O29: -0.73960809 | P29: 2.4019846 | Q29: 1.5707963 | R29: 691654.56 | S29: 7569630.9 | T29: 353.09366 | U29: 691654.56 | V29: 7569630.9 | W29: 353.09366 | X29: 691636.54 | Y29: 7569647.3 | Z29: 352.65433 | AA29: 1 | AB29: 0.9 | AC29: 2.44 | AD29: 1.6 | AE29: 2.44
A30: 29 | B30: 0 | C30: 7 | D30: 691637.72 | E30: 7569647.9 | F30: 352.55433 | G30: 0 | H30: 0 | I30: MIN NO MERGE | J30: 4 | K30: R-10c | L30: R-10c | M30: 1 | N30: 2.4019846 | O30: 2.4019846 | P30: 2.4019846 | Q30: 1.5707963 | R30: 691636.54 | S30: 7569647.3 | T30: 352.65433 | U30: 691654.56 | V30: 7569630.9 | W30: 353.09366 | X30: 691636.54 | Y30: 7569647.3 | Z30: 352.65433 | AA30: 1 | AB30: 0.9 | AC30: 2.44 | AD30: 1.6 | AE30: 2.44
... A241: 240 | B241: 3 | C241: 59 | D241: 691478.56 | E241: 7569398.8 | F241: 353.63798 | G241: 0 | H241: 0 | I241: MIN NO MERGE | J241: 30 | K241: R-9 | L241: R-9 | M241: 1 | N241: 2.7169948 | O241: 2.7169948 | P241: 2.7169948 | Q241: 1.5707963 | R241: 691479.22 | S241: 7569401.5 | T241: 353.73798 | U241: 691507.72 | V241: 7569388.6 | W241: 354.05548 | X241: 691479.22 | Y241: 7569401.5 | Z241: 353.73798 | AA241: 3 | AB241: 0.9 | AC241: 5.32 | AD241: 1.6 | AE241: 5.32

Sheet 1d_nwk
A1: Element | B1: ID-Exclude | C1: ID | D1: Order | E1: Group | F1: X | G1: Y | H1: Type | I1: Ignore | J1: UCS | K1: Len_or_ANA | L1: n_nF_Cd | M1: US_Invert | N1: DS_Invert | O1: Form_Loss | P1: pBlockage | Q1: Inlet_Type | R1: Conn_1D_2D | S1: Conn_No | T1: Width_or_D | U1: Height_or_ | V1: Number_of | W1: HConF_or_W | X1: WConF_or_W | Y1: EntryC_or_ | Z1: ExitC_or_W
A2: {=_xlfn._xlws.FILTER(ROW(B:B),ROW(B:B)<=$AC$18-1)} -> 1 | B2: {=_xlfn.ANCHORARRAY('PointsTidy - master'!B4)} -> R-1 | C2: {=INDEX(_xlfn.ANCHORARRAY('PointsTidy - master'!W4),MATCH(_xlfn.ANCHORARRAY(B2),_xlfn.ANCHORARRAY('PointsTidy - master'!B4),0))} -> R-1 | D2: {=MOD(ROW(_xlfn.ANCHORARRAY(A2)),2)} -> 0 | E2: {=_xlfn.ANCHORARRAY('PointsTidy - master'!A4)} -> 1 | F2: {=_xlfn.ANCHORARRAY('PointsTidy - master'!L4)} -> 687240.47 | G2: {=_xlfn.ANCHORARRAY('PointsTidy - master'!M4)} -> 7565130.9 | H2: {=_xlfn.ANCHORARRAY('PointsTidy - master'!X4)} -> C | I2: {=IF(_xlfn.ANCHORARRAY($A$2),INDEX($AC:$AC,MATCH(I$1,$AB:$AB,0)))} -> F | J2: {=IF(_xlfn.ANCHORARRAY($A$2),INDEX($AC:$AC,MATCH(J$1,$AB:$AB,0)))} -> T | K2: {=_xlfn.ANCHORARRAY('PointsTidy - master'!P4)} -> 83.395042 | L2: {=_xlfn.ANCHORARRAY('PointsTidy - master'!U4)} -> 0.024 | M2: {=_xlfn.ANCHORARRAY('PointsTidy - master'!E4)} -> 398.32245 | N2: {=_xlfn.ANCHORARRAY('PointsTidy - master'!F4)} -> 395.86798 | O2: {=IF(_xlfn.ANCHORARRAY($A$2),INDEX($AC:$AC,MATCH(O$1,$AB:$AB,0)))} -> 0 | P2: {=IF(_xlfn.ANCHORARRAY($A$2),INDEX($AC:$AC,MATCH(P$1,$AB:$AB,0)))} -> 0 | Q2: {=IF(_xlfn.ANCHORARRAY($A$2),INDEX($AC:$AC,MATCH(Q$1,$AB:$AB,0)))} | R2: {=IF(_xlfn.ANCHORARRAY($A$2),INDEX($AC:$AC,MATCH(R$1,$AB:$AB,0)))} | S2: {=IF(_xlfn.ANCHORARRAY($A$2),INDEX($AC:$AC,MATCH(S$1,$AB:$AB,0)))} -> 0 | T2: {=_xlfn.ANCHORARRAY('PointsTidy - master'!J4)} -> 1.5 | U2: {=_xlfn.ANCHORARRAY('PointsTidy - master'!K4)} -> 0 | V2: {=_xlfn.ANCHORARRAY('PointsTidy - master'!G4)} -> 5 | W2: {=IF(_xlfn.ANCHORARRAY($A$2),INDEX($AC:$AC,MATCH(W$1,$AB:$AB,0)))} -> 0 | X2: {=IF(_xlfn.ANCHORARRAY($A$2),INDEX($AC:$AC,MATCH(X$1,$AB:$AB,0)))} -> 1 | Y2: {=IF(_xlfn.ANCHORARRAY($A$2),INDEX($AC:$AC,MATCH(Y$1,$AB:$AB,0)))} -> 0.5 | Z2: {=IF(_xlfn.ANCHORARRAY($A$2),INDEX($AC:$AC,MATCH(Z$1,$AB:$AB,0)))} -> 1 | AB2: ='PointsTidy - master'!C1 -> DUPLICATES
A3: 2 | B3: R-1 | C3: R-1 | D3: 1 | E3: 1 | F3: 687316.37 | G3: 7565096.4 | H3: C | I3: F | J3: T | K3: 83.395042 | L3: 0.024 | M3: 398.32245 | N3: 395.86798 | O3: 0 | P3: 0 | S3: 0 | T3: 1.5 | U3: 0 | V3: 5 | W3: 0 | X3: 1 | Y3: 0.5 | Z3: 1
A4: 3 | B4: R-10 | C4: R-10 | D4: 0 | E4: 2 | F4: 691774.56 | G4: 7569997.5 | H4: C | I4: F | J4: T | K4: 30.781274 | L4: 0.024 | M4: 349.98645 | N4: 349.86862 | O4: 0 | P4: 0 | S4: 0 | T4: 1.2 | U4: 0 | V4: 2 | W4: 0 | X4: 1 | Y4: 0.5 | Z4: 1 | AB4: Ignore | AC4: F | AD4: Ignore
A5: 4 | B5: R-10 | C5: R-10 | D5: 1 | E5: 2 | F5: 691801.31 | G5: 7569982.2 | H5: C | I5: F | J5: T | K5: 30.781274 | L5: 0.024 | M5: 349.98645 | N5: 349.86862 | O5: 0 | P5: 0 | S5: 0 | T5: 1.2 | U5: 0 | V5: 2 | W5: 0 | X5: 1 | Y5: 0.5 | Z5: 1 | AB5: UCS | AC5: T | AD5: UCS
A6: 5 | B6: R-10b | C6: R-10b | D6: 0 | E6: 3 | F6: 691717.63 | G6: 7569824.1 | H6: C | I6: F | J6: T | K6: 25.313262 | L6: 0.024 | M6: 351.56097 | N6: 351.14426 | O6: 0 | P6: 0 | S6: 0 | T6: 1.2 | U6: 0 | V6: 2 | W6: 0 | X6: 1 | Y6: 0.5 | Z6: 1
A7: 6 | B7: R-10b | C7: R-10b | D7: 1 | E7: 3 | F7: 691742.79 | G7: 7569821.4 | H7: C | I7: F | J7: T | K7: 25.313262 | L7: 0.024 | M7: 351.56097 | N7: 351.14426 | O7: 0 | P7: 0 | S7: 0 | T7: 1.2 | U7: 0 | V7: 2 | W7: 0 | X7: 1 | Y7: 0.5 | Z7: 1 | AB7: Form_Loss | AC7: 0 | AD7: Form_Loss
A8: 7 | B8: R-10c | C8: R-10c | D8: 0 | E8: 4 | F8: 691636.54 | G8: 7569647.3 | H8: C | I8: F | J8: T | K8: 24.3905 | L8: 0.024 | M8: 353.09366 | N8: 352.65433 | O8: 0 | P8: 0 | S8: 0 | T8: 0.9 | U8: 0 | V8: 1 | W8: 0 | X8: 1 | Y8: 0.5 | Z8: 1 | AB8: pBlockage | AC8: 0 | AD8: pBlockage
A9: 8 | B9: R-10c | C9: R-10c | D9: 1 | E9: 4 | F9: 691654.56 | G9: 7569630.9 | H9: C | I9: F | J9: T | K9: 24.3905 | L9: 0.024 | M9: 353.09366 | N9: 352.65433 | O9: 0 | P9: 0 | S9: 0 | T9: 0.9 | U9: 0 | V9: 1 | W9: 0 | X9: 1 | Y9: 0.5 | Z9: 1 | AB9: Inlet_Type | AD9: Inlet_Type
A10: 9 | B10: R-11 | C10: R-11 | D10: 0 | E10: 5 | F10: 691880.07 | G10: 7570339.7 | H10: C | I10: F | J10: T | K10: 34.855465 | L10: 0.024 | M10: 348.3009 | N10: 348.02838 | O10: 0 | P10: 0 | S10: 0 | T10: 1.5 | U10: 0 | V10: 3 | W10: 0 | X10: 1 | Y10: 0.5 | Z10: 1 | AB10: Conn_1D_2D | AD10: Conn_1D_2D
A11: 10 | B11: R-11 | C11: R-11 | D11: 1 | E11: 5 | F11: 691909.32 | G11: 7570320.7 | H11: C | I11: F | J11: T | K11: 34.855465 | L11: 0.024 | M11: 348.3009 | N11: 348.02838 | O11: 0 | P11: 0 | S11: 0 | T11: 1.5 | U11: 0 | V11: 3 | W11: 0 | X11: 1 | Y11: 0.5 | Z11: 1 | AB11: Conn_No | AC11: 0 | AD11: Conn_No
A12: 11 | B12: R-12 | C12: R-12 | D12: 0 | E12: 6 | F12: 692012.72 | G12: 7570764.3 | H12: C | I12: F | J12: T | K12: 33.550454 | L12: 0.024 | M12: 351.80154 | N12: 351.21353 | O12: 0 | P12: 0 | S12: 0 | T12: 0.9 | U12: 0 | V12: 2 | W12: 0 | X12: 1 | Y12: 0.5 | Z12: 1 | AB12: Height_or_ | AC12: 0 | AD12: Height_or_WF
A13: 12 | B13: R-12 | C13: R-12 | D13: 1 | E13: 6 | F13: 692036.7 | G13: 7570740.8 | H13: C | I13: F | J13: T | K13: 33.550454 | L13: 0.024 | M13: 351.80154 | N13: 351.21353 | O13: 0 | P13: 0 | S13: 0 | T13: 0.9 | U13: 0 | V13: 2 | W13: 0 | X13: 1 | Y13: 0.5 | Z13: 1 | AB13: HConF_or_W | AC13: 0 | AD13: HConF_or_WC
A14: 13 | B14: R-13 | C14: R-13 | D14: 0 | E14: 7 | F14: 692109.39 | G14: 7571160.9 | H14: C | I14: F | J14: T | K14: 53.465984 | L14: 0.024 | M14: 344.2049 | N14: 343.79401 | O14: 0 | P14: 0 | S14: 0 | T14: 1.5 | U14: 0 | V14: 4 | W14: 0 | X14: 1 | Y14: 0.5 | Z14: 1 | AB14: WConF_or_W | AC14: 1 | AD14: WConF_or_WEx
A15: 14 | B15: R-13 | C15: R-13 | D15: 1 | E15: 7 | F15: 692161.02 | G15: 7571147 | H15: C | I15: F | J15: T | K15: 53.465984 | L15: 0.024 | M15: 344.2049 | N15: 343.79401 | O15: 0 | P15: 0 | S15: 0 | T15: 1.5 | U15: 0 | V15: 4 | W15: 0 | X15: 1 | Y15: 0.5 | Z15: 1 | AB15: EntryC_or_ | AC15: 0.5 | AD15: EntryC_or_WSa
A16: 15 | B16: R-14 | C16: R-14 | D16: 0 | E16: 8 | F16: 692159.35 | G16: 7571613.6 | H16: C | I16: F | J16: T | K16: 49.081397 | L16: 0.024 | M16: 342.7135 | N16: 342.29199 | O16: 0 | P16: 0 | S16: 0 | T16: 1.5 | U16: 0 | V16: 4 | W16: 0 | X16: 1 | Y16: 0.5 | Z16: 1 | AB16: ExitC_or_W | AC16: 1 | AD16: ExitC_or_WSb
A17: 16 | B17: R-14 | C17: R-14 | D17: 1 | E17: 8 | F17: 692208.39 | G17: 7571615.6 | H17: C | I17: F | J17: T | K17: 49.081397 | L17: 0.024 | M17: 342.7135 | N17: 342.29199 | O17: 0 | P17: 0 | S17: 0 | T17: 1.5 | U17: 0 | V17: 4 | W17: 0 | X17: 1 | Y17: 0.5 | Z17: 1
A18: 17 | B18: R-14b | C18: R-14b | D18: 0 | E18: 9 | F18: 692159.26 | G18: 7571463.1 | H18: C | I18: F | J18: T | K18: 35.961433 | L18: 0.024 | M18: 346.563 | N18: 345.325 | O18: 0 | P18: 0 | S18: 0 | T18: 0.9 | U18: 0 | V18: 1 | W18: 0 | X18: 1 | Y18: 0.5 | Z18: 1 | AB18: Expected | AC18: =COUNTA(_xlfn.ANCHORARRAY('PointsTidy - master'!B4))+1 -> 61
A19: 18 | B19: R-14b | C19: R-14b | D19: 1 | E19: 9 | F19: 692189.49 | G19: 7571443.6 | H19: C | I19: F | J19: T | K19: 35.961433 | L19: 0.024 | M19: 346.563 | N19: 345.325 | O19: 0 | P19: 0 | S19: 0 | T19: 0.9 | U19: 0 | V19: 1 | W19: 0 | X19: 1 | Y19: 0.5 | Z19: 1
A20: 19 | B20: R-15 | C20: R-15 | D20: 0 | E20: 10 | F20: 692168.82 | G20: 7571777.4 | H20: C | I20: F | J20: T | K20: 41.263979 | L20: 0.024 | M20: 344.97507 | N20: 344.4899 | O20: 0 | P20: 0 | S20: 0 | T20: 1.5 | U20: 0 | V20: 2 | W20: 0 | X20: 1 | Y20: 0.5 | Z20: 1
A21: 20 | B21: R-15 | C21: R-15 | D21: 1 | E21: 10 | F21: 692207.46 | G21: 7571762.9 | H21: C | I21: F | J21: T | K21: 41.263979 | L21: 0.024 | M21: 344.97507 | N21: 344.4899 | O21: 0 | P21: 0 | S21: 0 | T21: 1.5 | U21: 0 | V21: 2 | W21: 0 | X21: 1 | Y21: 0.5 | Z21: 1
A22: 21 | B22: R-16 | C22: R-16 | D22: 0 | E22: 11 | F22: 692181.92 | G22: 7572253 | H22: C | I22: F | J22: T | K22: 45.092237 | L22: 0.024 | M22: 347.94794 | N22: 347.10492 | O22: 0 | P22: 0 | S22: 0 | T22: 1.2 | U22: 0 | V22: 1 | W22: 0 | X22: 1 | Y22: 0.5 | Z22: 1
A23: 22 | B23: R-16 | C23: R-16 | D23: 1 | E23: 11 | F23: 692226.59 | G23: 7572259.2 | H23: C | I23: F | J23: T | K23: 45.092237 | L23: 0.024 | M23: 347.94794 | N23: 347.10492 | O23: 0 | P23: 0 | S23: 0 | T23: 1.2 | U23: 0 | V23: 1 | W23: 0 | X23: 1 | Y23: 0.5 | Z23: 1
A24: 23 | B24: R-17 | C24: R-17 | D24: 0 | E24: 12 | F24: 692436.03 | G24: 7573348.7 | H24: C | I24: F | J24: T | K24: 31.569849 | L24: 0.024 | M24: 337.30045 | N24: 337.15353 | O24: 0 | P24: 0 | S24: 0 | T24: 1.5 | U24: 0 | V24: 2 | W24: 0 | X24: 1 | Y24: 0.5 | Z24: 1
A25: 24 | B25: R-17 | C25: R-17 | D25: 1 | E25: 12 | F25: 692464.07 | G25: 7573334.2 | H25: C | I25: F | J25: T | K25: 31.569849 | L25: 0.024 | M25: 337.30045 | N25: 337.15353 | O25: 0 | P25: 0 | S25: 0 | T25: 1.5 | U25: 0 | V25: 2 | W25: 0 | X25: 1 | Y25: 0.5 | Z25: 1
A26: 25 | B26: R-17b | C26: R-17b | D26: 0 | E26: 13 | F26: 692464.72 | G26: 7573513.3 | H26: C | I26: F | J26: T | K26: 43.031446 | L26: 0.024 | M26: 337.62054 | N26: 336.73544 | O26: 0 | P26: 0 | S26: 0 | T26: 0.9 | U26: 0 | V26: 1 | W26: 0 | X26: 1 | Y26: 0.5 | Z26: 1
A27: 26 | B27: R-17b | C27: R-17b | D27: 1 | E27: 13 | F27: 692507.26 | G27: 7573519.8 | H27: C | I27: F | J27: T | K27: 43.031446 | L27: 0.024 | M27: 337.62054 | N27: 336.73544 | O27: 0 | P27: 0 | S27: 0 | T27: 0.9 | U27: 0 | V27: 1 | W27: 0 | X27: 1 | Y27: 0.5 | Z27: 1
A28: 27 | B28: R-18 | C28: R-18 | D28: 0 | E28: 14 | F28: 693222.06 | G28: 7574705.9 | H28: C | I28: F | J28: T | K28: 29.55758 | L28: 0.024 | M28: 326.11298 | N28: 326.04398 | O28: 0 | P28: 0 | S28: 0 | T28: 1.2 | U28: 0 | V28: 5 | W28: 0 | X28: 1 | Y28: 0.5 | Z28: 1
A29: 28 | B29: R-18 | C29: R-18 | D29: 1 | E29: 14 | F29: 693238.8 | G29: 7574681.5 | H29: C | I29: F | J29: T | K29: 29.55758 | L29: 0.024 | M29: 326.11298 | N29: 326.04398 | O29: 0 | P29: 0 | S29: 0 | T29: 1.2 | U29: 0 | V29: 5 | W29: 0 | X29: 1 | Y29: 0.5 | Z29: 1
A30: 29 | B30: R-18b | C30: R-18b | D30: 0 | E30: 15 | F30: 692998.12 | G30: 7574357.7 | H30: C | I30: F | J30: T | K30: 60.422067 | L30: 0.024 | M30: 328.62906 | N30: 328.22598 | O30: 0 | P30: 0 | S30: 0 | T30: 1.2 | U30: 0 | V30: 1 | W30: 0 | X30: 1 | Y30: 0.5 | Z30: 1
... A61: 60 | B61: R-9 | C61: R-9 | D61: 1 | E61: 30 | F61: 691507.72 | G61: 7569388.6 | H61: C | I61: F | J61: T | K61: 31.279637 | L61: 0.024 | M61: 354.05548 | N61: 353.73798 | O61: 0 | P61: 0 | S61: 0 | T61: 0.9 | U61: 0 | V61: 3 | W61: 0 | X61: 1 | Y61: 0.5 | Z61: 1
